unicode,gb2312,Chinese,stroke number
0x554A,0xB0A1,啊,10
0x963F,0xB0A2,阿,7
0x57C3,0xB0A3,埃,10
0x6328,0xB0A4,挨,10
0x54CE,0xB0A5,哎,8
0x5509,0xB0A6,唉,10
0x54C0,0xB0A7,哀,9
0x7691,0xB0A8,皑,11
0x764C,0xB0A9,癌,17
0x853C,0xB0AA,蔼,14
0x77EE,0xB0AB,矮,13
0x827E,0xB0AC,艾,5
0x788D,0xB0AD,碍,13
0x7231,0xB0AE,爱,10
0x9698,0xB0AF,隘,12
0x978D,0xB0B0,鞍,15
0x6C28,0xB0B1,氨,10
0x5B89,0xB0B2,安,6
0x4FFA,0xB0B3,俺,10
0x6309,0xB0B4,按,9
0x6697,0xB0B5,暗,13
0x5CB8,0xB0B6,岸,8
0x80FA,0xB0B7,胺,10
0x6848,0xB0B8,案,10
0x80AE,0xB0B9,肮,8
0x6602,0xB0BA,昂,8
0x76CE,0xB0BB,盎,10
0x51F9,0xB0BC,凹,5
0x6556,0xB0BD,敖,10
0x71AC,0xB0BE,熬,14
0x7FF1,0xB0BF,翱,16
0x8884,0xB0C0,袄,9
0x50B2,0xB0C1,傲,12
0x5965,0xB0C2,奥,12
0x61CA,0xB0C3,懊,15
0x6FB3,0xB0C4,澳,15
0x82AD,0xB0C5,芭,7
0x634C,0xB0C6,捌,10
0x6252,0xB0C7,扒,5
0x53ED,0xB0C8,叭,5
0x5427,0xB0C9,吧,7
0x7B06,0xB0CA,笆,10
0x516B,0xB0CB,八,2
0x75A4,0xB0CC,疤,9
0x5DF4,0xB0CD,巴,4
0x62D4,0xB0CE,拔,8
0x8DCB,0xB0CF,跋,12
0x9776,0xB0D0,靶,13
0x628A,0xB0D1,把,7
0x8019,0xB0D2,耙,10
0x575D,0xB0D3,坝,7
0x9738,0xB0D4,霸,21
0x7F62,0xB0D5,罢,10
0x7238,0xB0D6,爸,8
0x767D,0xB0D7,白,5
0x67CF,0xB0D8,柏,9
0x767E,0xB0D9,百,6
0x6446,0xB0DA,摆,13
0x4F70,0xB0DB,佰,8
0x8D25,0xB0DC,败,8
0x62DC,0xB0DD,拜,9
0x7A17,0xB0DE,稗,13
0x6591,0xB0DF,斑,12
0x73ED,0xB0E0,班,10
0x642C,0xB0E1,搬,13
0x6273,0xB0E2,扳,7
0x822C,0xB0E3,般,10
0x9881,0xB0E4,颁,10
0x677F,0xB0E5,板,8
0x7248,0xB0E6,版,8
0x626E,0xB0E7,扮,7
0x62CC,0xB0E8,拌,8
0x4F34,0xB0E9,伴,7
0x74E3,0xB0EA,瓣,19
0x534A,0xB0EB,半,5
0x529E,0xB0EC,办,4
0x7ECA,0xB0ED,绊,8
0x90A6,0xB0EE,邦,5
0x5E2E,0xB0EF,帮,9
0x6886,0xB0F0,梆,10
0x699C,0xB0F1,榜,14
0x8180,0xB0F2,膀,14
0x7ED1,0xB0F3,绑,9
0x68D2,0xB0F4,棒,12
0x78C5,0xB0F5,磅,15
0x868C,0xB0F6,蚌,10
0x9551,0xB0F7,镑,15
0x508D,0xB0F8,傍,12
0x8C24,0xB0F9,谤,12
0x82DE,0xB0FA,苞,8
0x80DE,0xB0FB,胞,9
0x5305,0xB0FC,包,5
0x8912,0xB0FD,褒,15
0x5265,0xB0FE,剥,10
0x8584,0xB1A1,薄,16
0x96F9,0xB1A2,雹,13
0x4FDD,0xB1A3,保,9
0x5821,0xB1A4,堡,12
0x9971,0xB1A5,饱,8
0x5B9D,0xB1A6,宝,8
0x62B1,0xB1A7,抱,8
0x62A5,0xB1A8,报,7
0x66B4,0xB1A9,暴,15
0x8C79,0xB1AA,豹,10
0x9C8D,0xB1AB,鲍,13
0x7206,0xB1AC,爆,19
0x676F,0xB1AD,杯,8
0x7891,0xB1AE,碑,13
0x60B2,0xB1AF,悲,12
0x5351,0xB1B0,卑,8
0x5317,0xB1B1,北,5
0x8F88,0xB1B2,辈,12
0x80CC,0xB1B3,背,9
0x8D1D,0xB1B4,贝,4
0x94A1,0xB1B5,钡,9
0x500D,0xB1B6,倍,10
0x72C8,0xB1B7,狈,7
0x5907,0xB1B8,备,8
0x60EB,0xB1B9,惫,12
0x7119,0xB1BA,焙,12
0x88AB,0xB1BB,被,10
0x5954,0xB1BC,奔,8
0x82EF,0xB1BD,苯,8
0x672C,0xB1BE,本,5
0x7B28,0xB1BF,笨,11
0x5D29,0xB1C0,崩,11
0x7EF7,0xB1C1,绷,11
0x752D,0xB1C2,甭,9
0x6CF5,0xB1C3,泵,9
0x8E66,0xB1C4,蹦,18
0x8FF8,0xB1C5,迸,9
0x903C,0xB1C6,逼,12
0x9F3B,0xB1C7,鼻,14
0x6BD4,0xB1C8,比,4
0x9119,0xB1C9,鄙,13
0x7B14,0xB1CA,笔,10
0x5F7C,0xB1CB,彼,8
0x78A7,0xB1CC,碧,14
0x84D6,0xB1CD,蓖,13
0x853D,0xB1CE,蔽,14
0x6BD5,0xB1CF,毕,6
0x6BD9,0xB1D0,毙,10
0x6BD6,0xB1D1,毖,9
0x5E01,0xB1D2,币,4
0x5E87,0xB1D3,庇,7
0x75F9,0xB1D4,痹,13
0x95ED,0xB1D5,闭,6
0x655D,0xB1D6,敝,11
0x5F0A,0xB1D7,弊,14
0x5FC5,0xB1D8,必,5
0x8F9F,0xB1D9,辟,13
0x58C1,0xB1DA,壁,16
0x81C2,0xB1DB,臂,17
0x907F,0xB1DC,避,16
0x965B,0xB1DD,陛,9
0x97AD,0xB1DE,鞭,18
0x8FB9,0xB1DF,边,5
0x7F16,0xB1E0,编,12
0x8D2C,0xB1E1,贬,8
0x6241,0xB1E2,扁,9
0x4FBF,0xB1E3,便,9
0x53D8,0xB1E4,变,8
0x535E,0xB1E5,卞,4
0x8FA8,0xB1E6,辨,16
0x8FA9,0xB1E7,辩,16
0x8FAB,0xB1E8,辫,17
0x904D,0xB1E9,遍,12
0x6807,0xB1EA,标,9
0x5F6A,0xB1EB,彪,11
0x8198,0xB1EC,膘,15
0x8868,0xB1ED,表,8
0x9CD6,0xB1EE,鳖,19
0x618B,0xB1EF,憋,16
0x522B,0xB1F0,别,7
0x762A,0xB1F1,瘪,15
0x5F6C,0xB1F2,彬,11
0x658C,0xB1F3,斌,12
0x6FD2,0xB1F4,濒,16
0x6EE8,0xB1F5,滨,13
0x5BBE,0xB1F6,宾,10
0x6448,0xB1F7,摈,13
0x5175,0xB1F8,兵,7
0x51B0,0xB1F9,冰,6
0x67C4,0xB1FA,柄,9
0x4E19,0xB1FB,丙,5
0x79C9,0xB1FC,秉,8
0x997C,0xB1FD,饼,9
0x70B3,0xB1FE,炳,9
0x75C5,0xB2A1,病,10
0x5E76,0xB2A2,并,6
0x73BB,0xB2A3,玻,8
0x83E0,0xB2A4,菠,11
0x64AD,0xB2A5,播,15
0x62E8,0xB2A6,拨,8
0x94B5,0xB2A7,钵,10
0x6CE2,0xB2A8,波,8
0x535A,0xB2A9,博,12
0x52C3,0xB2AA,勃,9
0x640F,0xB2AB,搏,13
0x94C2,0xB2AC,铂,10
0x7B94,0xB2AD,箔,14
0x4F2F,0xB2AE,伯,7
0x5E1B,0xB2AF,帛,8
0x8236,0xB2B0,舶,11
0x8116,0xB2B1,脖,11
0x818A,0xB2B2,膊,14
0x6E24,0xB2B3,渤,12
0x6CCA,0xB2B4,泊,8
0x9A73,0xB2B5,驳,7
0x6355,0xB2B6,捕,10
0x535C,0xB2B7,卜,2
0x54FA,0xB2B8,哺,10
0x8865,0xB2B9,补,7
0x57E0,0xB2BA,埠,11
0x4E0D,0xB2BB,不,4
0x5E03,0xB2BC,布,5
0x6B65,0xB2BD,步,7
0x7C3F,0xB2BE,簿,19
0x90E8,0xB2BF,部,10
0x6016,0xB2C0,怖,8
0x64E6,0xB2C1,擦,17
0x731C,0xB2C2,猜,11
0x88C1,0xB2C3,裁,12
0x6750,0xB2C4,材,7
0x624D,0xB2C5,才,3
0x8D22,0xB2C6,财,7
0x776C,0xB2C7,睬,12
0x8E29,0xB2C8,踩,15
0x91C7,0xB2C9,采,8
0x5F69,0xB2CA,彩,11
0x83DC,0xB2CB,菜,11
0x8521,0xB2CC,蔡,14
0x9910,0xB2CD,餐,16
0x53C2,0xB2CE,参,8
0x8695,0xB2CF,蚕,10
0x6B8B,0xB2D0,残,9
0x60ED,0xB2D1,惭,11
0x60E8,0xB2D2,惨,11
0x707F,0xB2D3,灿,7
0x82CD,0xB2D4,苍,7
0x8231,0xB2D5,舱,10
0x4ED3,0xB2D6,仓,4
0x6CA7,0xB2D7,沧,7
0x85CF,0xB2D8,藏,17
0x64CD,0xB2D9,操,16
0x7CD9,0xB2DA,糙,16
0x69FD,0xB2DB,槽,15
0x66F9,0xB2DC,曹,11
0x8349,0xB2DD,草,9
0x5395,0xB2DE,厕,8
0x7B56,0xB2DF,策,12
0x4FA7,0xB2E0,侧,8
0x518C,0xB2E1,册,5
0x6D4B,0xB2E2,测,9
0x5C42,0xB2E3,层,7
0x8E6D,0xB2E4,蹭,19
0x63D2,0xB2E5,插,12
0x53C9,0xB2E6,叉,3
0x832C,0xB2E7,茬,9
0x8336,0xB2E8,茶,9
0x67E5,0xB2E9,查,9
0x78B4,0xB2EA,碴,14
0x643D,0xB2EB,搽,12
0x5BDF,0xB2EC,察,14
0x5C94,0xB2ED,岔,7
0x5DEE,0xB2EE,差,9
0x8BE7,0xB2EF,诧,8
0x62C6,0xB2F0,拆,8
0x67F4,0xB2F1,柴,10
0x8C7A,0xB2F2,豺,10
0x6400,0xB2F3,搀,12
0x63BA,0xB2F4,掺,11
0x8749,0xB2F5,蝉,14
0x998B,0xB2F6,馋,12
0x8C17,0xB2F7,谗,11
0x7F20,0xB2F8,缠,13
0x94F2,0xB2F9,铲,11
0x4EA7,0xB2FA,产,6
0x9610,0xB2FB,阐,11
0x98A4,0xB2FC,颤,19
0x660C,0xB2FD,昌,8
0x7316,0xB2FE,猖,11
0x573A,0xB3A1,场,6
0x5C1D,0xB3A2,尝,9
0x5E38,0xB3A3,常,11
0x957F,0xB3A4,长,4
0x507F,0xB3A5,偿,11
0x80A0,0xB3A6,肠,7
0x5382,0xB3A7,厂,2
0x655E,0xB3A8,敞,12
0x7545,0xB3A9,畅,8
0x5531,0xB3AA,唱,11
0x5021,0xB3AB,倡,10
0x8D85,0xB3AC,超,12
0x6284,0xB3AD,抄,7
0x949E,0xB3AE,钞,9
0x671D,0xB3AF,朝,12
0x5632,0xB3B0,嘲,15
0x6F6E,0xB3B1,潮,15
0x5DE2,0xB3B2,巢,11
0x5435,0xB3B3,吵,7
0x7092,0xB3B4,炒,8
0x8F66,0xB3B5,车,4
0x626F,0xB3B6,扯,7
0x64A4,0xB3B7,撤,15
0x63A3,0xB3B8,掣,12
0x5F7B,0xB3B9,彻,7
0x6F88,0xB3BA,澈,15
0x90F4,0xB3BB,郴,10
0x81E3,0xB3BC,臣,6
0x8FB0,0xB3BD,辰,7
0x5C18,0xB3BE,尘,6
0x6668,0xB3BF,晨,11
0x5FF1,0xB3C0,忱,7
0x6C89,0xB3C1,沉,7
0x9648,0xB3C2,陈,7
0x8D81,0xB3C3,趁,12
0x886C,0xB3C4,衬,8
0x6491,0xB3C5,撑,15
0x79F0,0xB3C6,称,10
0x57CE,0xB3C7,城,9
0x6A59,0xB3C8,橙,16
0x6210,0xB3C9,成,6
0x5448,0xB3CA,呈,7
0x4E58,0xB3CB,乘,10
0x7A0B,0xB3CC,程,12
0x60E9,0xB3CD,惩,12
0x6F84,0xB3CE,澄,15
0x8BDA,0xB3CF,诚,8
0x627F,0xB3D0,承,8
0x901E,0xB3D1,逞,10
0x9A8B,0xB3D2,骋,10
0x79E4,0xB3D3,秤,10
0x5403,0xB3D4,吃,6
0x75F4,0xB3D5,痴,13
0x6301,0xB3D6,持,9
0x5319,0xB3D7,匙,11
0x6C60,0xB3D8,池,6
0x8FDF,0xB3D9,迟,7
0x5F1B,0xB3DA,弛,6
0x9A70,0xB3DB,驰,6
0x803B,0xB3DC,耻,10
0x9F7F,0xB3DD,齿,8
0x4F88,0xB3DE,侈,8
0x5C3A,0xB3DF,尺,4
0x8D64,0xB3E0,赤,7
0x7FC5,0xB3E1,翅,10
0x65A5,0xB3E2,斥,5
0x70BD,0xB3E3,炽,9
0x5145,0xB3E4,充,6
0x51B2,0xB3E5,冲,6
0x866B,0xB3E6,虫,6
0x5D07,0xB3E7,崇,11
0x5BA0,0xB3E8,宠,8
0x62BD,0xB3E9,抽,8
0x916C,0xB3EA,酬,13
0x7574,0xB3EB,畴,12
0x8E0C,0xB3EC,踌,14
0x7A20,0xB3ED,稠,13
0x6101,0xB3EE,愁,13
0x7B79,0xB3EF,筹,13
0x4EC7,0xB3F0,仇,4
0x7EF8,0xB3F1,绸,11
0x7785,0xB3F2,瞅,14
0x4E11,0xB3F3,丑,4
0x81ED,0xB3F4,臭,10
0x521D,0xB3F5,初,7
0x51FA,0xB3F6,出,5
0x6A71,0xB3F7,橱,16
0x53A8,0xB3F8,厨,12
0x8E87,0xB3F9,躇,18
0x9504,0xB3FA,锄,12
0x96CF,0xB3FB,雏,13
0x6EC1,0xB3FC,滁,12
0x9664,0xB3FD,除,9
0x695A,0xB3FE,楚,13
0x7840,0xB4A1,础,10
0x50A8,0xB4A2,储,12
0x77D7,0xB4A3,矗,24
0x6410,0xB4A4,搐,13
0x89E6,0xB4A5,触,13
0x5904,0xB4A6,处,5
0x63E3,0xB4A7,揣,12
0x5DDD,0xB4A8,川,3
0x7A7F,0xB4A9,穿,9
0x693D,0xB4AA,椽,13
0x4F20,0xB4AB,传,7
0x8239,0xB4AC,船,11
0x5598,0xB4AD,喘,12
0x4E32,0xB4AE,串,7
0x75AE,0xB4AF,疮,9
0x7A97,0xB4B0,窗,12
0x5E62,0xB4B1,幢,15
0x5E8A,0xB4B2,床,7
0x95EF,0xB4B3,闯,6
0x521B,0xB4B4,创,6
0x5439,0xB4B5,吹,7
0x708A,0xB4B6,炊,8
0x6376,0xB4B7,捶,11
0x9524,0xB4B8,锤,13
0x5782,0xB4B9,垂,8
0x6625,0xB4BA,春,9
0x693F,0xB4BB,椿,13
0x9187,0xB4BC,醇,15
0x5507,0xB4BD,唇,10
0x6DF3,0xB4BE,淳,11
0x7EAF,0xB4BF,纯,7
0x8822,0xB4C0,蠢,21
0x6233,0xB4C1,戳,18
0x7EF0,0xB4C2,绰,11
0x75B5,0xB4C3,疵,11
0x8328,0xB4C4,茨,9
0x78C1,0xB4C5,磁,14
0x96CC,0xB4C6,雌,14
0x8F9E,0xB4C7,辞,13
0x6148,0xB4C8,慈,13
0x74F7,0xB4C9,瓷,10
0x8BCD,0xB4CA,词,7
0x6B64,0xB4CB,此,6
0x523A,0xB4CC,刺,8
0x8D50,0xB4CD,赐,12
0x6B21,0xB4CE,次,6
0x806A,0xB4CF,聪,15
0x8471,0xB4D0,葱,12
0x56F1,0xB4D1,囱,7
0x5306,0xB4D2,匆,5
0x4ECE,0xB4D3,从,4
0x4E1B,0xB4D4,丛,5
0x51D1,0xB4D5,凑,11
0x7C97,0xB4D6,粗,11
0x918B,0xB4D7,醋,15
0x7C07,0xB4D8,簇,17
0x4FC3,0xB4D9,促,9
0x8E7F,0xB4DA,蹿,19
0x7BE1,0xB4DB,篡,16
0x7A9C,0xB4DC,窜,12
0x6467,0xB4DD,摧,14
0x5D14,0xB4DE,崔,11
0x50AC,0xB4DF,催,13
0x8106,0xB4E0,脆,10
0x7601,0xB4E1,瘁,13
0x7CB9,0xB4E2,粹,14
0x6DEC,0xB4E3,淬,11
0x7FE0,0xB4E4,翠,14
0x6751,0xB4E5,村,7
0x5B58,0xB4E6,存,6
0x5BF8,0xB4E7,寸,3
0x78CB,0xB4E8,磋,14
0x64AE,0xB4E9,撮,15
0x6413,0xB4EA,搓,12
0x63AA,0xB4EB,措,11
0x632B,0xB4EC,挫,10
0x9519,0xB4ED,错,13
0x642D,0xB4EE,搭,12
0x8FBE,0xB4EF,达,6
0x7B54,0xB4F0,答,12
0x7629,0xB4F1,瘩,14
0x6253,0xB4F2,打,5
0x5927,0xB4F3,大,3
0x5446,0xB4F4,呆,7
0x6B79,0xB4F5,歹,4
0x50A3,0xB4F6,傣,12
0x6234,0xB4F7,戴,17
0x5E26,0xB4F8,带,9
0x6B86,0xB4F9,殆,9
0x4EE3,0xB4FA,代,5
0x8D37,0xB4FB,贷,9
0x888B,0xB4FC,袋,11
0x5F85,0xB4FD,待,9
0x902E,0xB4FE,逮,11
0x6020,0xB5A1,怠,9
0x803D,0xB5A2,耽,10
0x62C5,0xB5A3,担,8
0x4E39,0xB5A4,丹,4
0x5355,0xB5A5,单,8
0x90F8,0xB5A6,郸,10
0x63B8,0xB5A7,掸,11
0x80C6,0xB5A8,胆,9
0x65E6,0xB5A9,旦,5
0x6C2E,0xB5AA,氮,12
0x4F46,0xB5AB,但,7
0x60EE,0xB5AC,惮,11
0x6DE1,0xB5AD,淡,11
0x8BDE,0xB5AE,诞,8
0x5F39,0xB5AF,弹,11
0x86CB,0xB5B0,蛋,11
0x5F53,0xB5B1,当,6
0x6321,0xB5B2,挡,9
0x515A,0xB5B3,党,10
0x8361,0xB5B4,荡,9
0x6863,0xB5B5,档,10
0x5200,0xB5B6,刀,2
0x6363,0xB5B7,捣,10
0x8E48,0xB5B8,蹈,17
0x5012,0xB5B9,倒,10
0x5C9B,0xB5BA,岛,7
0x7977,0xB5BB,祷,11
0x5BFC,0xB5BC,导,6
0x5230,0xB5BD,到,8
0x7A3B,0xB5BE,稻,15
0x60BC,0xB5BF,悼,11
0x9053,0xB5C0,道,12
0x76D7,0xB5C1,盗,11
0x5FB7,0xB5C2,德,15
0x5F97,0xB5C3,得,11
0x7684,0xB5C4,的,8
0x8E6C,0xB5C5,蹬,19
0x706F,0xB5C6,灯,6
0x767B,0xB5C7,登,12
0x7B49,0xB5C8,等,12
0x77AA,0xB5C9,瞪,17
0x51F3,0xB5CA,凳,14
0x9093,0xB5CB,邓,4
0x5824,0xB5CC,堤,12
0x4F4E,0xB5CD,低,7
0x6EF4,0xB5CE,滴,14
0x8FEA,0xB5CF,迪,8
0x654C,0xB5D0,敌,10
0x7B1B,0xB5D1,笛,11
0x72C4,0xB5D2,狄,7
0x6DA4,0xB5D3,涤,10
0x7FDF,0xB5D4,翟,14
0x5AE1,0xB5D5,嫡,14
0x62B5,0xB5D6,抵,8
0x5E95,0xB5D7,底,8
0x5730,0xB5D8,地,6
0x8482,0xB5D9,蒂,12
0x7B2C,0xB5DA,第,11
0x5E1D,0xB5DB,帝,9
0x5F1F,0xB5DC,弟,7
0x9012,0xB5DD,递,10
0x7F14,0xB5DE,缔,12
0x98A0,0xB5DF,颠,16
0x6382,0xB5E0,掂,11
0x6EC7,0xB5E1,滇,13
0x7898,0xB5E2,碘,13
0x70B9,0xB5E3,点,9
0x5178,0xB5E4,典,8
0x975B,0xB5E5,靛,16
0x57AB,0xB5E6,垫,9
0x7535,0xB5E7,电,5
0x4F43,0xB5E8,佃,7
0x7538,0xB5E9,甸,7
0x5E97,0xB5EA,店,8
0x60E6,0xB5EB,惦,11
0x5960,0xB5EC,奠,12
0x6DC0,0xB5ED,淀,11
0x6BBF,0xB5EE,殿,13
0x7889,0xB5EF,碉,13
0x53FC,0xB5F0,叼,5
0x96D5,0xB5F1,雕,16
0x51CB,0xB5F2,凋,10
0x5201,0xB5F3,刁,2
0x6389,0xB5F4,掉,11
0x540A,0xB5F5,吊,6
0x9493,0xB5F6,钓,8
0x8C03,0xB5F7,调,10
0x8DCC,0xB5F8,跌,12
0x7239,0xB5F9,爹,10
0x789F,0xB5FA,碟,14
0x8776,0xB5FB,蝶,15
0x8FED,0xB5FC,迭,8
0x8C0D,0xB5FD,谍,11
0x53E0,0xB5FE,叠,13
0x4E01,0xB6A1,丁,2
0x76EF,0xB6A2,盯,7
0x53EE,0xB6A3,叮,5
0x9489,0xB6A4,钉,7
0x9876,0xB6A5,顶,8
0x9F0E,0xB6A6,鼎,12
0x952D,0xB6A7,锭,13
0x5B9A,0xB6A8,定,8
0x8BA2,0xB6A9,订,4
0x4E22,0xB6AA,丢,6
0x4E1C,0xB6AB,东,5
0x51AC,0xB6AC,冬,5
0x8463,0xB6AD,董,12
0x61C2,0xB6AE,懂,15
0x52A8,0xB6AF,动,6
0x680B,0xB6B0,栋,9
0x4F97,0xB6B1,侗,8
0x606B,0xB6B2,恫,9
0x51BB,0xB6B3,冻,7
0x6D1E,0xB6B4,洞,9
0x515C,0xB6B5,兜,11
0x6296,0xB6B6,抖,7
0x6597,0xB6B7,斗,4
0x9661,0xB6B8,陡,9
0x8C46,0xB6B9,豆,7
0x9017,0xB6BA,逗,10
0x75D8,0xB6BB,痘,12
0x90FD,0xB6BC,都,10
0x7763,0xB6BD,督,13
0x6BD2,0xB6BE,毒,9
0x728A,0xB6BF,犊,12
0x72EC,0xB6C0,独,9
0x8BFB,0xB6C1,读,10
0x5835,0xB6C2,堵,11
0x7779,0xB6C3,睹,13
0x8D4C,0xB6C4,赌,12
0x675C,0xB6C5,杜,7
0x9540,0xB6C6,镀,14
0x809A,0xB6C7,肚,7
0x5EA6,0xB6C8,度,9
0x6E21,0xB6C9,渡,12
0x5992,0xB6CA,妒,7
0x7AEF,0xB6CB,端,14
0x77ED,0xB6CC,短,12
0x953B,0xB6CD,锻,14
0x6BB5,0xB6CE,段,9
0x65AD,0xB6CF,断,11
0x7F0E,0xB6D0,缎,12
0x5806,0xB6D1,堆,11
0x5151,0xB6D2,兑,7
0x961F,0xB6D3,队,4
0x5BF9,0xB6D4,对,5
0x58A9,0xB6D5,墩,15
0x5428,0xB6D6,吨,7
0x8E72,0xB6D7,蹲,19
0x6566,0xB6D8,敦,12
0x987F,0xB6D9,顿,10
0x56E4,0xB6DA,囤,7
0x949D,0xB6DB,钝,9
0x76FE,0xB6DC,盾,9
0x9041,0xB6DD,遁,12
0x6387,0xB6DE,掇,11
0x54C6,0xB6DF,哆,9
0x591A,0xB6E0,多,6
0x593A,0xB6E1,夺,6
0x579B,0xB6E2,垛,9
0x8EB2,0xB6E3,躲,13
0x6735,0xB6E4,朵,6
0x8DFA,0xB6E5,跺,13
0x8235,0xB6E6,舵,11
0x5241,0xB6E7,剁,8
0x60F0,0xB6E8,惰,12
0x5815,0xB6E9,堕,11
0x86FE,0xB6EA,蛾,13
0x5CE8,0xB6EB,峨,10
0x9E45,0xB6EC,鹅,12
0x4FC4,0xB6ED,俄,9
0x989D,0xB6EE,额,15
0x8BB9,0xB6EF,讹,6
0x5A25,0xB6F0,娥,10
0x6076,0xB6F1,恶,10
0x5384,0xB6F2,厄,4
0x627C,0xB6F3,扼,7
0x904F,0xB6F4,遏,12
0x9102,0xB6F5,鄂,11
0x997F,0xB6F6,饿,10
0x6069,0xB6F7,恩,10
0x800C,0xB6F8,而,6
0x513F,0xB6F9,儿,2
0x8033,0xB6FA,耳,6
0x5C14,0xB6FB,尔,5
0x9975,0xB6FC,饵,9
0x6D31,0xB6FD,洱,9
0x4E8C,0xB6FE,二,2
0x8D30,0xB7A1,贰,9
0x53D1,0xB7A2,发,5
0x7F5A,0xB7A3,罚,9
0x7B4F,0xB7A4,筏,12
0x4F10,0xB7A5,伐,6
0x4E4F,0xB7A6,乏,4
0x9600,0xB7A7,阀,9
0x6CD5,0xB7A8,法,8
0x73D0,0xB7A9,珐,9
0x85E9,0xB7AA,藩,18
0x5E06,0xB7AB,帆,6
0x756A,0xB7AC,番,12
0x7FFB,0xB7AD,翻,18
0x6A0A,0xB7AE,樊,15
0x77FE,0xB7AF,矾,8
0x9492,0xB7B0,钒,8
0x7E41,0xB7B1,繁,17
0x51E1,0xB7B2,凡,3
0x70E6,0xB7B3,烦,10
0x53CD,0xB7B4,反,4
0x8FD4,0xB7B5,返,7
0x8303,0xB7B6,范,8
0x8D29,0xB7B7,贩,8
0x72AF,0xB7B8,犯,5
0x996D,0xB7B9,饭,7
0x6CDB,0xB7BA,泛,7
0x574A,0xB7BB,坊,7
0x82B3,0xB7BC,芳,7
0x65B9,0xB7BD,方,4
0x80AA,0xB7BE,肪,8
0x623F,0xB7BF,房,8
0x9632,0xB7C0,防,6
0x59A8,0xB7C1,妨,7
0x4EFF,0xB7C2,仿,6
0x8BBF,0xB7C3,访,6
0x7EBA,0xB7C4,纺,7
0x653E,0xB7C5,放,8
0x83F2,0xB7C6,菲,11
0x975E,0xB7C7,非,8
0x5561,0xB7C8,啡,11
0x98DE,0xB7C9,飞,3
0x80A5,0xB7CA,肥,8
0x532A,0xB7CB,匪,10
0x8BFD,0xB7CC,诽,10
0x5420,0xB7CD,吠,7
0x80BA,0xB7CE,肺,8
0x5E9F,0xB7CF,废,8
0x6CB8,0xB7D0,沸,8
0x8D39,0xB7D1,费,9
0x82AC,0xB7D2,芬,7
0x915A,0xB7D3,酚,11
0x5429,0xB7D4,吩,7
0x6C1B,0xB7D5,氛,8
0x5206,0xB7D6,分,4
0x7EB7,0xB7D7,纷,7
0x575F,0xB7D8,坟,7
0x711A,0xB7D9,焚,12
0x6C7E,0xB7DA,汾,7
0x7C89,0xB7DB,粉,10
0x594B,0xB7DC,奋,8
0x4EFD,0xB7DD,份,6
0x5FFF,0xB7DE,忿,8
0x6124,0xB7DF,愤,12
0x7CAA,0xB7E0,粪,12
0x4E30,0xB7E1,丰,4
0x5C01,0xB7E2,封,9
0x67AB,0xB7E3,枫,8
0x8702,0xB7E4,蜂,13
0x5CF0,0xB7E5,峰,10
0x950B,0xB7E6,锋,12
0x98CE,0xB7E7,风,4
0x75AF,0xB7E8,疯,9
0x70FD,0xB7E9,烽,11
0x9022,0xB7EA,逢,10
0x51AF,0xB7EB,冯,5
0x7F1D,0xB7EC,缝,13
0x8BBD,0xB7ED,讽,6
0x5949,0xB7EE,奉,8
0x51E4,0xB7EF,凤,4
0x4F5B,0xB7F0,佛,7
0x5426,0xB7F1,否,7
0x592B,0xB7F2,夫,4
0x6577,0xB7F3,敷,15
0x80A4,0xB7F4,肤,8
0x5B75,0xB7F5,孵,14
0x6276,0xB7F6,扶,7
0x62C2,0xB7F7,拂,8
0x8F90,0xB7F8,辐,13
0x5E45,0xB7F9,幅,12
0x6C1F,0xB7FA,氟,9
0x7B26,0xB7FB,符,11
0x4F0F,0xB7FC,伏,6
0x4FD8,0xB7FD,俘,9
0x670D,0xB7FE,服,8
0x6D6E,0xB8A1,浮,10
0x6DAA,0xB8A2,涪,11
0x798F,0xB8A3,福,13
0x88B1,0xB8A4,袱,11
0x5F17,0xB8A5,弗,5
0x752B,0xB8A6,甫,7
0x629A,0xB8A7,抚,7
0x8F85,0xB8A8,辅,11
0x4FEF,0xB8A9,俯,10
0x91DC,0xB8AA,釜,10
0x65A7,0xB8AB,斧,8
0x812F,0xB8AC,脯,11
0x8151,0xB8AD,腑,12
0x5E9C,0xB8AE,府,8
0x8150,0xB8AF,腐,14
0x8D74,0xB8B0,赴,9
0x526F,0xB8B1,副,11
0x8986,0xB8B2,覆,18
0x8D4B,0xB8B3,赋,12
0x590D,0xB8B4,复,9
0x5085,0xB8B5,傅,12
0x4ED8,0xB8B6,付,5
0x961C,0xB8B7,阜,8
0x7236,0xB8B8,父,4
0x8179,0xB8B9,腹,13
0x8D1F,0xB8BA,负,6
0x5BCC,0xB8BB,富,12
0x8BA3,0xB8BC,讣,4
0x9644,0xB8BD,附,7
0x5987,0xB8BE,妇,6
0x7F1A,0xB8BF,缚,13
0x5490,0xB8C0,咐,8
0x5676,0xB8C1,噶,15
0x560E,0xB8C2,嘎,14
0x8BE5,0xB8C3,该,8
0x6539,0xB8C4,改,7
0x6982,0xB8C5,概,13
0x9499,0xB8C6,钙,9
0x76D6,0xB8C7,盖,11
0x6E89,0xB8C8,溉,12
0x5E72,0xB8C9,干,3
0x7518,0xB8CA,甘,5
0x6746,0xB8CB,杆,7
0x67D1,0xB8CC,柑,9
0x7AFF,0xB8CD,竿,9
0x809D,0xB8CE,肝,7
0x8D76,0xB8CF,赶,10
0x611F,0xB8D0,感,13
0x79C6,0xB8D1,秆,8
0x6562,0xB8D2,敢,11
0x8D63,0xB8D3,赣,21
0x5188,0xB8D4,冈,4
0x521A,0xB8D5,刚,6
0x94A2,0xB8D6,钢,9
0x7F38,0xB8D7,缸,9
0x809B,0xB8D8,肛,7
0x7EB2,0xB8D9,纲,7
0x5C97,0xB8DA,岗,7
0x6E2F,0xB8DB,港,12
0x6760,0xB8DC,杠,7
0x7BD9,0xB8DD,篙,16
0x768B,0xB8DE,皋,10
0x9AD8,0xB8DF,高,10
0x818F,0xB8E0,膏,14
0x7F94,0xB8E1,羔,10
0x7CD5,0xB8E2,糕,16
0x641E,0xB8E3,搞,13
0x9550,0xB8E4,镐,15
0x7A3F,0xB8E5,稿,15
0x544A,0xB8E6,告,7
0x54E5,0xB8E7,哥,10
0x6B4C,0xB8E8,歌,14
0x6401,0xB8E9,搁,12
0x6208,0xB8EA,戈,4
0x9E3D,0xB8EB,鸽,11
0x80F3,0xB8EC,胳,10
0x7599,0xB8ED,疙,8
0x5272,0xB8EE,割,12
0x9769,0xB8EF,革,9
0x845B,0xB8F0,葛,12
0x683C,0xB8F1,格,10
0x86E4,0xB8F2,蛤,12
0x9601,0xB8F3,阁,9
0x9694,0xB8F4,隔,12
0x94EC,0xB8F5,铬,11
0x4E2A,0xB8F6,个,3
0x5404,0xB8F7,各,6
0x7ED9,0xB8F8,给,9
0x6839,0xB8F9,根,10
0x8DDF,0xB8FA,跟,13
0x8015,0xB8FB,耕,10
0x66F4,0xB8FC,更,7
0x5E9A,0xB8FD,庚,8
0x7FB9,0xB8FE,羹,19
0x57C2,0xB9A1,埂,10
0x803F,0xB9A2,耿,10
0x6897,0xB9A3,梗,11
0x5DE5,0xB9A4,工,3
0x653B,0xB9A5,攻,7
0x529F,0xB9A6,功,5
0x606D,0xB9A7,恭,10
0x9F9A,0xB9A8,龚,11
0x4F9B,0xB9A9,供,8
0x8EAC,0xB9AA,躬,10
0x516C,0xB9AB,公,4
0x5BAB,0xB9AC,宫,9
0x5F13,0xB9AD,弓,3
0x5DE9,0xB9AE,巩,6
0x6C5E,0xB9AF,汞,7
0x62F1,0xB9B0,拱,9
0x8D21,0xB9B1,贡,7
0x5171,0xB9B2,共,6
0x94A9,0xB9B3,钩,9
0x52FE,0xB9B4,勾,4
0x6C9F,0xB9B5,沟,7
0x82DF,0xB9B6,苟,8
0x72D7,0xB9B7,狗,8
0x57A2,0xB9B8,垢,9
0x6784,0xB9B9,构,8
0x8D2D,0xB9BA,购,8
0x591F,0xB9BB,够,11
0x8F9C,0xB9BC,辜,12
0x83C7,0xB9BD,菇,11
0x5495,0xB9BE,咕,8
0x7B8D,0xB9BF,箍,14
0x4F30,0xB9C0,估,7
0x6CBD,0xB9C1,沽,8
0x5B64,0xB9C2,孤,8
0x59D1,0xB9C3,姑,8
0x9F13,0xB9C4,鼓,13
0x53E4,0xB9C5,古,5
0x86CA,0xB9C6,蛊,11
0x9AA8,0xB9C7,骨,9
0x8C37,0xB9C8,谷,7
0x80A1,0xB9C9,股,8
0x6545,0xB9CA,故,9
0x987E,0xB9CB,顾,10
0x56FA,0xB9CC,固,8
0x96C7,0xB9CD,雇,12
0x522E,0xB9CE,刮,8
0x74DC,0xB9CF,瓜,5
0x5250,0xB9D0,剐,9
0x5BE1,0xB9D1,寡,14
0x6302,0xB9D2,挂,9
0x8902,0xB9D3,褂,13
0x4E56,0xB9D4,乖,8
0x62D0,0xB9D5,拐,8
0x602A,0xB9D6,怪,8
0x68FA,0xB9D7,棺,12
0x5173,0xB9D8,关,6
0x5B98,0xB9D9,官,8
0x51A0,0xB9DA,冠,9
0x89C2,0xB9DB,观,6
0x7BA1,0xB9DC,管,14
0x9986,0xB9DD,馆,11
0x7F50,0xB9DE,罐,23
0x60EF,0xB9DF,惯,12
0x704C,0xB9E0,灌,20
0x8D2F,0xB9E1,贯,8
0x5149,0xB9E2,光,6
0x5E7F,0xB9E3,广,3
0x901B,0xB9E4,逛,10
0x7470,0xB9E5,瑰,13
0x89C4,0xB9E6,规,8
0x572D,0xB9E7,圭,6
0x7845,0xB9E8,硅,11
0x5F52,0xB9E9,归,5
0x9F9F,0xB9EA,龟,7
0x95FA,0xB9EB,闺,9
0x8F68,0xB9EC,轨,6
0x9B3C,0xB9ED,鬼,9
0x8BE1,0xB9EE,诡,8
0x7678,0xB9EF,癸,9
0x6842,0xB9F0,桂,10
0x67DC,0xB9F1,柜,8
0x8DEA,0xB9F2,跪,13
0x8D35,0xB9F3,贵,9
0x523D,0xB9F4,刽,8
0x8F8A,0xB9F5,辊,12
0x6EDA,0xB9F6,滚,13
0x68CD,0xB9F7,棍,12
0x9505,0xB9F8,锅,12
0x90ED,0xB9F9,郭,10
0x56FD,0xB9FA,国,8
0x679C,0xB9FB,果,8
0x88F9,0xB9FC,裹,14
0x8FC7,0xB9FD,过,6
0x54C8,0xB9FE,哈,9
0x9AB8,0xBAA1,骸,15
0x5B69,0xBAA2,孩,9
0x6D77,0xBAA3,海,10
0x6C26,0xBAA4,氦,10
0x4EA5,0xBAA5,亥,6
0x5BB3,0xBAA6,害,10
0x9A87,0xBAA7,骇,9
0x9163,0xBAA8,酣,12
0x61A8,0xBAA9,憨,14
0x90AF,0xBAAA,邯,7
0x97E9,0xBAAB,韩,12
0x542B,0xBAAC,含,7
0x6DB5,0xBAAD,涵,11
0x5BD2,0xBAAE,寒,12
0x51FD,0xBAAF,函,8
0x558A,0xBAB0,喊,12
0x7F55,0xBAB1,罕,7
0x7FF0,0xBAB2,翰,16
0x64BC,0xBAB3,撼,16
0x634D,0xBAB4,捍,10
0x65F1,0xBAB5,旱,7
0x61BE,0xBAB6,憾,16
0x608D,0xBAB7,悍,10
0x710A,0xBAB8,焊,11
0x6C57,0xBAB9,汗,6
0x6C49,0xBABA,汉,5
0x592F,0xBABB,夯,5
0x676D,0xBABC,杭,8
0x822A,0xBABD,航,10
0x58D5,0xBABE,壕,17
0x568E,0xBABF,嚎,17
0x8C6A,0xBAC0,豪,14
0x6BEB,0xBAC1,毫,11
0x90DD,0xBAC2,郝,9
0x597D,0xBAC3,好,6
0x8017,0xBAC4,耗,10
0x53F7,0xBAC5,号,5
0x6D69,0xBAC6,浩,10
0x5475,0xBAC7,呵,8
0x559D,0xBAC8,喝,12
0x8377,0xBAC9,荷,10
0x83CF,0xBACA,菏,11
0x6838,0xBACB,核,10
0x79BE,0xBACC,禾,5
0x548C,0xBACD,和,8
0x4F55,0xBACE,何,7
0x5408,0xBACF,合,6
0x76D2,0xBAD0,盒,11
0x8C89,0xBAD1,貉,13
0x9602,0xBAD2,阂,9
0x6CB3,0xBAD3,河,8
0x6DB8,0xBAD4,涸,11
0x8D6B,0xBAD5,赫,14
0x8910,0xBAD6,褐,14
0x9E64,0xBAD7,鹤,15
0x8D3A,0xBAD8,贺,9
0x563F,0xBAD9,嘿,15
0x9ED1,0xBADA,黑,12
0x75D5,0xBADB,痕,11
0x5F88,0xBADC,很,9
0x72E0,0xBADD,狠,9
0x6068,0xBADE,恨,9
0x54FC,0xBADF,哼,10
0x4EA8,0xBAE0,亨,7
0x6A2A,0xBAE1,横,15
0x8861,0xBAE2,衡,16
0x6052,0xBAE3,恒,9
0x8F70,0xBAE4,轰,8
0x54C4,0xBAE5,哄,9
0x70D8,0xBAE6,烘,10
0x8679,0xBAE7,虹,9
0x9E3F,0xBAE8,鸿,11
0x6D2A,0xBAE9,洪,9
0x5B8F,0xBAEA,宏,7
0x5F18,0xBAEB,弘,5
0x7EA2,0xBAEC,红,6
0x5589,0xBAED,喉,12
0x4FAF,0xBAEE,侯,9
0x7334,0xBAEF,猴,12
0x543C,0xBAF0,吼,7
0x539A,0xBAF1,厚,9
0x5019,0xBAF2,候,10
0x540E,0xBAF3,后,6
0x547C,0xBAF4,呼,8
0x4E4E,0xBAF5,乎,5
0x5FFD,0xBAF6,忽,8
0x745A,0xBAF7,瑚,13
0x58F6,0xBAF8,壶,10
0x846B,0xBAF9,葫,12
0x80E1,0xBAFA,胡,9
0x8774,0xBAFB,蝴,15
0x72D0,0xBAFC,狐,8
0x7CCA,0xBAFD,糊,15
0x6E56,0xBAFE,湖,12
0x5F27,0xBBA1,弧,8
0x864E,0xBBA2,虎,8
0x552C,0xBBA3,唬,11
0x62A4,0xBBA4,护,7
0x4E92,0xBBA5,互,4
0x6CAA,0xBBA6,沪,7
0x6237,0xBBA7,户,4
0x82B1,0xBBA8,花,7
0x54D7,0xBBA9,哗,9
0x534E,0xBBAA,华,6
0x733E,0xBBAB,猾,12
0x6ED1,0xBBAC,滑,12
0x753B,0xBBAD,画,8
0x5212,0xBBAE,划,6
0x5316,0xBBAF,化,4
0x8BDD,0xBBB0,话,8
0x69D0,0xBBB1,槐,13
0x5F8A,0xBBB2,徊,9
0x6000,0xBBB3,怀,7
0x6DEE,0xBBB4,淮,11
0x574F,0xBBB5,坏,7
0x6B22,0xBBB6,欢,6
0x73AF,0xBBB7,环,8
0x6853,0xBBB8,桓,10
0x8FD8,0xBBB9,还,7
0x7F13,0xBBBA,缓,12
0x6362,0xBBBB,换,10
0x60A3,0xBBBC,患,11
0x5524,0xBBBD,唤,10
0x75EA,0xBBBE,痪,12
0x8C62,0xBBBF,豢,13
0x7115,0xBBC0,焕,11
0x6DA3,0xBBC1,涣,10
0x5BA6,0xBBC2,宦,9
0x5E7B,0xBBC3,幻,4
0x8352,0xBBC4,荒,9
0x614C,0xBBC5,慌,12
0x9EC4,0xBBC6,黄,11
0x78FA,0xBBC7,磺,16
0x8757,0xBBC8,蝗,15
0x7C27,0xBBC9,簧,17
0x7687,0xBBCA,皇,9
0x51F0,0xBBCB,凰,11
0x60F6,0xBBCC,惶,12
0x714C,0xBBCD,煌,13
0x6643,0xBBCE,晃,10
0x5E4C,0xBBCF,幌,13
0x604D,0xBBD0,恍,9
0x8C0E,0xBBD1,谎,11
0x7070,0xBBD2,灰,6
0x6325,0xBBD3,挥,9
0x8F89,0xBBD4,辉,12
0x5FBD,0xBBD5,徽,17
0x6062,0xBBD6,恢,9
0x86D4,0xBBD7,蛔,12
0x56DE,0xBBD8,回,6
0x6BC1,0xBBD9,毁,13
0x6094,0xBBDA,悔,10
0x6167,0xBBDB,慧,15
0x5349,0xBBDC,卉,5
0x60E0,0xBBDD,惠,12
0x6666,0xBBDE,晦,11
0x8D3F,0xBBDF,贿,10
0x79FD,0xBBE0,秽,11
0x4F1A,0xBBE1,会,6
0x70E9,0xBBE2,烩,10
0x6C47,0xBBE3,汇,5
0x8BB3,0xBBE4,讳,6
0x8BF2,0xBBE5,诲,9
0x7ED8,0xBBE6,绘,9
0x8364,0xBBE7,荤,9
0x660F,0xBBE8,昏,8
0x5A5A,0xBBE9,婚,11
0x9B42,0xBBEA,魂,13
0x6D51,0xBBEB,浑,9
0x6DF7,0xBBEC,混,11
0x8C41,0xBBED,豁,17
0x6D3B,0xBBEE,活,9
0x4F19,0xBBEF,伙,6
0x706B,0xBBF0,火,4
0x83B7,0xBBF1,获,10
0x6216,0xBBF2,或,8
0x60D1,0xBBF3,惑,12
0x970D,0xBBF4,霍,16
0x8D27,0xBBF5,货,8
0x7978,0xBBF6,祸,11
0x51FB,0xBBF7,击,5
0x573E,0xBBF8,圾,6
0x57FA,0xBBF9,基,11
0x673A,0xBBFA,机,6
0x7578,0xBBFB,畸,13
0x7A3D,0xBBFC,稽,15
0x79EF,0xBBFD,积,10
0x7B95,0xBBFE,箕,14
0x808C,0xBCA1,肌,6
0x9965,0xBCA2,饥,5
0x8FF9,0xBCA3,迹,9
0x6FC0,0xBCA4,激,16
0x8BA5,0xBCA5,讥,4
0x9E21,0xBCA6,鸡,7
0x59EC,0xBCA7,姬,10
0x7EE9,0xBCA8,绩,11
0x7F09,0xBCA9,缉,12
0x5409,0xBCAA,吉,6
0x6781,0xBCAB,极,7
0x68D8,0xBCAC,棘,12
0x8F91,0xBCAD,辑,13
0x7C4D,0xBCAE,籍,20
0x96C6,0xBCAF,集,12
0x53CA,0xBCB0,及,3
0x6025,0xBCB1,急,9
0x75BE,0xBCB2,疾,10
0x6C72,0xBCB3,汲,6
0x5373,0xBCB4,即,7
0x5AC9,0xBCB5,嫉,13
0x7EA7,0xBCB6,级,6
0x6324,0xBCB7,挤,9
0x51E0,0xBCB8,几,2
0x810A,0xBCB9,脊,10
0x5DF1,0xBCBA,己,3
0x84DF,0xBCBB,蓟,13
0x6280,0xBCBC,技,7
0x5180,0xBCBD,冀,16
0x5B63,0xBCBE,季,8
0x4F0E,0xBCBF,伎,6
0x796D,0xBCC0,祭,11
0x5242,0xBCC1,剂,8
0x60B8,0xBCC2,悸,11
0x6D4E,0xBCC3,济,9
0x5BC4,0xBCC4,寄,11
0x5BC2,0xBCC5,寂,11
0x8BA1,0xBCC6,计,4
0x8BB0,0xBCC7,记,5
0x65E2,0xBCC8,既,9
0x5FCC,0xBCC9,忌,7
0x9645,0xBCCA,际,7
0x5993,0xBCCB,妓,7
0x7EE7,0xBCCC,继,10
0x7EAA,0xBCCD,纪,6
0x5609,0xBCCE,嘉,14
0x67B7,0xBCCF,枷,9
0x5939,0xBCD0,夹,6
0x4F73,0xBCD1,佳,8
0x5BB6,0xBCD2,家,10
0x52A0,0xBCD3,加,5
0x835A,0xBCD4,荚,9
0x988A,0xBCD5,颊,12
0x8D3E,0xBCD6,贾,10
0x7532,0xBCD7,甲,5
0x94BE,0xBCD8,钾,10
0x5047,0xBCD9,假,11
0x7A3C,0xBCDA,稼,15
0x4EF7,0xBCDB,价,6
0x67B6,0xBCDC,架,9
0x9A7E,0xBCDD,驾,8
0x5AC1,0xBCDE,嫁,13
0x6B7C,0xBCDF,歼,7
0x76D1,0xBCE0,监,10
0x575A,0xBCE1,坚,7
0x5C16,0xBCE2,尖,6
0x7B3A,0xBCE3,笺,11
0x95F4,0xBCE4,间,7
0x714E,0xBCE5,煎,13
0x517C,0xBCE6,兼,10
0x80A9,0xBCE7,肩,8
0x8270,0xBCE8,艰,8
0x5978,0xBCE9,奸,6
0x7F04,0xBCEA,缄,12
0x8327,0xBCEB,茧,9
0x68C0,0xBCEC,检,11
0x67EC,0xBCED,柬,9
0x78B1,0xBCEE,碱,14
0x7877,0xBCEF,硷,12
0x62E3,0xBCF0,拣,8
0x6361,0xBCF1,捡,10
0x7B80,0xBCF2,简,13
0x4FED,0xBCF3,俭,9
0x526A,0xBCF4,剪,11
0x51CF,0xBCF5,减,11
0x8350,0xBCF6,荐,9
0x69DB,0xBCF7,槛,14
0x9274,0xBCF8,鉴,13
0x8DF5,0xBCF9,践,12
0x8D31,0xBCFA,贱,9
0x89C1,0xBCFB,见,4
0x952E,0xBCFC,键,13
0x7BAD,0xBCFD,箭,15
0x4EF6,0xBCFE,件,6
0x5065,0xBDA1,健,10
0x8230,0xBDA2,舰,10
0x5251,0xBDA3,剑,9
0x996F,0xBDA4,饯,8
0x6E10,0xBDA5,渐,11
0x6E85,0xBDA6,溅,12
0x6DA7,0xBDA7,涧,10
0x5EFA,0xBDA8,建,8
0x50F5,0xBDA9,僵,15
0x59DC,0xBDAA,姜,9
0x5C06,0xBDAB,将,9
0x6D46,0xBDAC,浆,10
0x6C5F,0xBDAD,江,6
0x7586,0xBDAE,疆,19
0x848B,0xBDAF,蒋,12
0x6868,0xBDB0,桨,10
0x5956,0xBDB1,奖,9
0x8BB2,0xBDB2,讲,6
0x5320,0xBDB3,匠,6
0x9171,0xBDB4,酱,13
0x964D,0xBDB5,降,8
0x8549,0xBDB6,蕉,15
0x6912,0xBDB7,椒,12
0x7901,0xBDB8,礁,17
0x7126,0xBDB9,焦,12
0x80F6,0xBDBA,胶,10
0x4EA4,0xBDBB,交,6
0x90CA,0xBDBC,郊,8
0x6D47,0xBDBD,浇,9
0x9A84,0xBDBE,骄,9
0x5A07,0xBDBF,娇,9
0x56BC,0xBDC0,嚼,20
0x6405,0xBDC1,搅,12
0x94F0,0xBDC2,铰,11
0x77EB,0xBDC3,矫,11
0x4FA5,0xBDC4,侥,8
0x811A,0xBDC5,脚,11
0x72E1,0xBDC6,狡,9
0x89D2,0xBDC7,角,7
0x997A,0xBDC8,饺,9
0x7F34,0xBDC9,缴,16
0x7EDE,0xBDCA,绞,9
0x527F,0xBDCB,剿,13
0x6559,0xBDCC,教,11
0x9175,0xBDCD,酵,14
0x8F7F,0xBDCE,轿,10
0x8F83,0xBDCF,较,10
0x53EB,0xBDD0,叫,5
0x7A96,0xBDD1,窖,12
0x63ED,0xBDD2,揭,12
0x63A5,0xBDD3,接,11
0x7686,0xBDD4,皆,9
0x79F8,0xBDD5,秸,11
0x8857,0xBDD6,街,12
0x9636,0xBDD7,阶,6
0x622A,0xBDD8,截,14
0x52AB,0xBDD9,劫,7
0x8282,0xBDDA,节,5
0x6854,0xBDDB,桔,10
0x6770,0xBDDC,杰,8
0x6377,0xBDDD,捷,11
0x776B,0xBDDE,睫,13
0x7AED,0xBDDF,竭,14
0x6D01,0xBDE0,洁,9
0x7ED3,0xBDE1,结,9
0x89E3,0xBDE2,解,13
0x59D0,0xBDE3,姐,8
0x6212,0xBDE4,戒,7
0x85C9,0xBDE5,藉,17
0x82A5,0xBDE6,芥,7
0x754C,0xBDE7,界,9
0x501F,0xBDE8,借,10
0x4ECB,0xBDE9,介,4
0x75A5,0xBDEA,疥,9
0x8BEB,0xBDEB,诫,9
0x5C4A,0xBDEC,届,8
0x5DFE,0xBDED,巾,3
0x7B4B,0xBDEE,筋,12
0x65A4,0xBDEF,斤,4
0x91D1,0xBDF0,金,8
0x4ECA,0xBDF1,今,4
0x6D25,0xBDF2,津,9
0x895F,0xBDF3,襟,18
0x7D27,0xBDF4,紧,10
0x9526,0xBDF5,锦,13
0x4EC5,0xBDF6,仅,4
0x8C28,0xBDF7,谨,13
0x8FDB,0xBDF8,进,7
0x9773,0xBDF9,靳,13
0x664B,0xBDFA,晋,10
0x7981,0xBDFB,禁,13
0x8FD1,0xBDFC,近,7
0x70EC,0xBDFD,烬,10
0x6D78,0xBDFE,浸,10
0x5C3D,0xBEA1,尽,6
0x52B2,0xBEA2,劲,7
0x8346,0xBEA3,荆,9
0x5162,0xBEA4,兢,14
0x830E,0xBEA5,茎,8
0x775B,0xBEA6,睛,13
0x6676,0xBEA7,晶,12
0x9CB8,0xBEA8,鲸,16
0x4EAC,0xBEA9,京,8
0x60CA,0xBEAA,惊,11
0x7CBE,0xBEAB,精,14
0x7CB3,0xBEAC,粳,13
0x7ECF,0xBEAD,经,8
0x4E95,0xBEAE,井,4
0x8B66,0xBEAF,警,19
0x666F,0xBEB0,景,12
0x9888,0xBEB1,颈,11
0x9759,0xBEB2,静,14
0x5883,0xBEB3,境,14
0x656C,0xBEB4,敬,12
0x955C,0xBEB5,镜,16
0x5F84,0xBEB6,径,8
0x75C9,0xBEB7,痉,10
0x9756,0xBEB8,靖,13
0x7ADF,0xBEB9,竟,11
0x7ADE,0xBEBA,竞,10
0x51C0,0xBEBB,净,8
0x70AF,0xBEBC,炯,9
0x7A98,0xBEBD,窘,12
0x63EA,0xBEBE,揪,12
0x7A76,0xBEBF,究,7
0x7EA0,0xBEC0,纠,5
0x7396,0xBEC1,玖,7
0x97ED,0xBEC2,韭,9
0x4E45,0xBEC3,久,3
0x7078,0xBEC4,灸,7
0x4E5D,0xBEC5,九,2
0x9152,0xBEC6,酒,10
0x53A9,0xBEC7,厩,11
0x6551,0xBEC8,救,11
0x65E7,0xBEC9,旧,5
0x81FC,0xBECA,臼,6
0x8205,0xBECB,舅,13
0x548E,0xBECC,咎,8
0x5C31,0xBECD,就,12
0x759A,0xBECE,疚,8
0x97A0,0xBECF,鞠,17
0x62D8,0xBED0,拘,8
0x72D9,0xBED1,狙,8
0x75BD,0xBED2,疽,10
0x5C45,0xBED3,居,8
0x9A79,0xBED4,驹,8
0x83CA,0xBED5,菊,11
0x5C40,0xBED6,局,7
0x5480,0xBED7,咀,8
0x77E9,0xBED8,矩,9
0x4E3E,0xBED9,举,9
0x6CAE,0xBEDA,沮,8
0x805A,0xBEDB,聚,14
0x62D2,0xBEDC,拒,7
0x636E,0xBEDD,据,11
0x5DE8,0xBEDE,巨,4
0x5177,0xBEDF,具,8
0x8DDD,0xBEE0,距,11
0x8E1E,0xBEE1,踞,15
0x952F,0xBEE2,锯,13
0x4FF1,0xBEE3,俱,10
0x53E5,0xBEE4,句,5
0x60E7,0xBEE5,惧,11
0x70AC,0xBEE6,炬,8
0x5267,0xBEE7,剧,10
0x6350,0xBEE8,捐,10
0x9E43,0xBEE9,鹃,12
0x5A1F,0xBEEA,娟,10
0x5026,0xBEEB,倦,10
0x7737,0xBEEC,眷,11
0x5377,0xBEED,卷,8
0x7EE2,0xBEEE,绢,10
0x6485,0xBEEF,撅,15
0x652B,0xBEF0,攫,23
0x6289,0xBEF1,抉,7
0x6398,0xBEF2,掘,11
0x5014,0xBEF3,倔,10
0x7235,0xBEF4,爵,17
0x89C9,0xBEF5,觉,9
0x51B3,0xBEF6,决,6
0x8BC0,0xBEF7,诀,6
0x7EDD,0xBEF8,绝,9
0x5747,0xBEF9,均,7
0x83CC,0xBEFA,菌,11
0x94A7,0xBEFB,钧,9
0x519B,0xBEFC,军,6
0x541B,0xBEFD,君,7
0x5CFB,0xBEFE,峻,10
0x4FCA,0xBFA1,俊,9
0x7AE3,0xBFA2,竣,12
0x6D5A,0xBFA3,浚,10
0x90E1,0xBFA4,郡,9
0x9A8F,0xBFA5,骏,10
0x5580,0xBFA6,喀,12
0x5496,0xBFA7,咖,8
0x5361,0xBFA8,卡,5
0x54AF,0xBFA9,咯,9
0x5F00,0xBFAA,开,4
0x63E9,0xBFAB,揩,12
0x6977,0xBFAC,楷,13
0x51EF,0xBFAD,凯,8
0x6168,0xBFAE,慨,12
0x520A,0xBFAF,刊,5
0x582A,0xBFB0,堪,12
0x52D8,0xBFB1,勘,11
0x574E,0xBFB2,坎,7
0x780D,0xBFB3,砍,9
0x770B,0xBFB4,看,9
0x5EB7,0xBFB5,康,11
0x6177,0xBFB6,慷,14
0x7CE0,0xBFB7,糠,17
0x625B,0xBFB8,扛,6
0x6297,0xBFB9,抗,7
0x4EA2,0xBFBA,亢,4
0x7095,0xBFBB,炕,8
0x8003,0xBFBC,考,6
0x62F7,0xBFBD,拷,9
0x70E4,0xBFBE,烤,10
0x9760,0xBFBF,靠,15
0x5777,0xBFC0,坷,8
0x82DB,0xBFC1,苛,8
0x67EF,0xBFC2,柯,9
0x68F5,0xBFC3,棵,12
0x78D5,0xBFC4,磕,15
0x9897,0xBFC5,颗,14
0x79D1,0xBFC6,科,9
0x58F3,0xBFC7,壳,7
0x54B3,0xBFC8,咳,9
0x53EF,0xBFC9,可,5
0x6E34,0xBFCA,渴,12
0x514B,0xBFCB,克,7
0x523B,0xBFCC,刻,8
0x5BA2,0xBFCD,客,9
0x8BFE,0xBFCE,课,10
0x80AF,0xBFCF,肯,8
0x5543,0xBFD0,啃,11
0x57A6,0xBFD1,垦,9
0x6073,0xBFD2,恳,10
0x5751,0xBFD3,坑,7
0x542D,0xBFD4,吭,7
0x7A7A,0xBFD5,空,8
0x6050,0xBFD6,恐,10
0x5B54,0xBFD7,孔,4
0x63A7,0xBFD8,控,11
0x62A0,0xBFD9,抠,7
0x53E3,0xBFDA,口,3
0x6263,0xBFDB,扣,6
0x5BC7,0xBFDC,寇,11
0x67AF,0xBFDD,枯,9
0x54ED,0xBFDE,哭,10
0x7A9F,0xBFDF,窟,13
0x82E6,0xBFE0,苦,8
0x9177,0xBFE1,酷,14
0x5E93,0xBFE2,库,7
0x88E4,0xBFE3,裤,12
0x5938,0xBFE4,夸,6
0x57AE,0xBFE5,垮,9
0x630E,0xBFE6,挎,9
0x8DE8,0xBFE7,跨,13
0x80EF,0xBFE8,胯,10
0x5757,0xBFE9,块,7
0x7B77,0xBFEA,筷,13
0x4FA9,0xBFEB,侩,8
0x5FEB,0xBFEC,快,7
0x5BBD,0xBFED,宽,10
0x6B3E,0xBFEE,款,12
0x5321,0xBFEF,匡,6
0x7B50,0xBFF0,筐,12
0x72C2,0xBFF1,狂,7
0x6846,0xBFF2,框,10
0x77FF,0xBFF3,矿,8
0x7736,0xBFF4,眶,11
0x65F7,0xBFF5,旷,7
0x51B5,0xBFF6,况,7
0x4E8F,0xBFF7,亏,3
0x76D4,0xBFF8,盔,11
0x5CBF,0xBFF9,岿,8
0x7AA5,0xBFFA,窥,13
0x8475,0xBFFB,葵,12
0x594E,0xBFFC,奎,9
0x9B41,0xBFFD,魁,13
0x5080,0xBFFE,傀,11
0x9988,0xC0A1,馈,12
0x6127,0xC0A2,愧,12
0x6E83,0xC0A3,溃,12
0x5764,0xC0A4,坤,8
0x6606,0xC0A5,昆,8
0x6346,0xC0A6,捆,10
0x56F0,0xC0A7,困,7
0x62EC,0xC0A8,括,9
0x6269,0xC0A9,扩,6
0x5ED3,0xC0AA,廓,13
0x9614,0xC0AB,阔,12
0x5783,0xC0AC,垃,8
0x62C9,0xC0AD,拉,8
0x5587,0xC0AE,喇,12
0x8721,0xC0AF,蜡,14
0x814A,0xC0B0,腊,12
0x8FA3,0xC0B1,辣,14
0x5566,0xC0B2,啦,11
0x83B1,0xC0B3,莱,10
0x6765,0xC0B4,来,7
0x8D56,0xC0B5,赖,13
0x84DD,0xC0B6,蓝,13
0x5A6A,0xC0B7,婪,11
0x680F,0xC0B8,栏,9
0x62E6,0xC0B9,拦,8
0x7BEE,0xC0BA,篮,16
0x9611,0xC0BB,阑,12
0x5170,0xC0BC,兰,5
0x6F9C,0xC0BD,澜,15
0x8C30,0xC0BE,谰,14
0x63FD,0xC0BF,揽,12
0x89C8,0xC0C0,览,9
0x61D2,0xC0C1,懒,16
0x7F06,0xC0C2,缆,12
0x70C2,0xC0C3,烂,9
0x6EE5,0xC0C4,滥,13
0x7405,0xC0C5,琅,11
0x6994,0xC0C6,榔,12
0x72FC,0xC0C7,狼,10
0x5ECA,0xC0C8,廊,11
0x90CE,0xC0C9,郎,8
0x6717,0xC0CA,朗,10
0x6D6A,0xC0CB,浪,10
0x635E,0xC0CC,捞,10
0x52B3,0xC0CD,劳,7
0x7262,0xC0CE,牢,7
0x8001,0xC0CF,老,6
0x4F6C,0xC0D0,佬,8
0x59E5,0xC0D1,姥,9
0x916A,0xC0D2,酪,13
0x70D9,0xC0D3,烙,10
0x6D9D,0xC0D4,涝,10
0x52D2,0xC0D5,勒,11
0x4E50,0xC0D6,乐,5
0x96F7,0xC0D7,雷,13
0x956D,0xC0D8,镭,18
0x857E,0xC0D9,蕾,16
0x78CA,0xC0DA,磊,15
0x7D2F,0xC0DB,累,11
0x5121,0xC0DC,儡,17
0x5792,0xC0DD,垒,9
0x64C2,0xC0DE,擂,16
0x808B,0xC0DF,肋,6
0x7C7B,0xC0E0,类,9
0x6CEA,0xC0E1,泪,8
0x68F1,0xC0E2,棱,12
0x695E,0xC0E3,楞,13
0x51B7,0xC0E4,冷,7
0x5398,0xC0E5,厘,9
0x68A8,0xC0E6,梨,11
0x7281,0xC0E7,犁,11
0x9ECE,0xC0E8,黎,15
0x7BF1,0xC0E9,篱,16
0x72F8,0xC0EA,狸,10
0x79BB,0xC0EB,离,10
0x6F13,0xC0EC,漓,13
0x7406,0xC0ED,理,11
0x674E,0xC0EE,李,7
0x91CC,0xC0EF,里,7
0x9CA4,0xC0F0,鲤,15
0x793C,0xC0F1,礼,5
0x8389,0xC0F2,莉,10
0x8354,0xC0F3,荔,9
0x540F,0xC0F4,吏,6
0x6817,0xC0F5,栗,10
0x4E3D,0xC0F6,丽,7
0x5389,0xC0F7,厉,5
0x52B1,0xC0F8,励,7
0x783E,0xC0F9,砾,10
0x5386,0xC0FA,历,4
0x5229,0xC0FB,利,7
0x5088,0xC0FC,傈,12
0x4F8B,0xC0FD,例,8
0x4FD0,0xC0FE,俐,9
0x75E2,0xC1A1,痢,12
0x7ACB,0xC1A2,立,5
0x7C92,0xC1A3,粒,11
0x6CA5,0xC1A4,沥,7
0x96B6,0xC1A5,隶,8
0x529B,0xC1A6,力,2
0x7483,0xC1A7,璃,14
0x54E9,0xC1A8,哩,10
0x4FE9,0xC1A9,俩,9
0x8054,0xC1AA,联,12
0x83B2,0xC1AB,莲,10
0x8FDE,0xC1AC,连,7
0x9570,0xC1AD,镰,18
0x5EC9,0xC1AE,廉,13
0x601C,0xC1AF,怜,8
0x6D9F,0xC1B0,涟,10
0x5E18,0xC1B1,帘,8
0x655B,0xC1B2,敛,11
0x8138,0xC1B3,脸,11
0x94FE,0xC1B4,链,12
0x604B,0xC1B5,恋,10
0x70BC,0xC1B6,炼,9
0x7EC3,0xC1B7,练,8
0x7CAE,0xC1B8,粮,13
0x51C9,0xC1B9,凉,10
0x6881,0xC1BA,梁,11
0x7CB1,0xC1BB,粱,13
0x826F,0xC1BC,良,7
0x4E24,0xC1BD,两,7
0x8F86,0xC1BE,辆,11
0x91CF,0xC1BF,量,12
0x667E,0xC1C0,晾,12
0x4EAE,0xC1C1,亮,9
0x8C05,0xC1C2,谅,10
0x64A9,0xC1C3,撩,15
0x804A,0xC1C4,聊,11
0x50DA,0xC1C5,僚,14
0x7597,0xC1C6,疗,7
0x71CE,0xC1C7,燎,16
0x5BE5,0xC1C8,寥,14
0x8FBD,0xC1C9,辽,5
0x6F66,0xC1CA,潦,15
0x4E86,0xC1CB,了,2
0x6482,0xC1CC,撂,14
0x9563,0xC1CD,镣,17
0x5ED6,0xC1CE,廖,14
0x6599,0xC1CF,料,10
0x5217,0xC1D0,列,6
0x88C2,0xC1D1,裂,12
0x70C8,0xC1D2,烈,10
0x52A3,0xC1D3,劣,6
0x730E,0xC1D4,猎,11
0x7433,0xC1D5,琳,12
0x6797,0xC1D6,林,8
0x78F7,0xC1D7,磷,17
0x9716,0xC1D8,霖,16
0x4E34,0xC1D9,临,9
0x90BB,0xC1DA,邻,7
0x9CDE,0xC1DB,鳞,20
0x6DCB,0xC1DC,淋,11
0x51DB,0xC1DD,凛,15
0x8D41,0xC1DE,赁,10
0x541D,0xC1DF,吝,7
0x62CE,0xC1E0,拎,8
0x73B2,0xC1E1,玲,9
0x83F1,0xC1E2,菱,11
0x96F6,0xC1E3,零,13
0x9F84,0xC1E4,龄,13
0x94C3,0xC1E5,铃,10
0x4F36,0xC1E6,伶,7
0x7F9A,0xC1E7,羚,11
0x51CC,0xC1E8,凌,10
0x7075,0xC1E9,灵,7
0x9675,0xC1EA,陵,10
0x5CAD,0xC1EB,岭,8
0x9886,0xC1EC,领,11
0x53E6,0xC1ED,另,5
0x4EE4,0xC1EE,令,5
0x6E9C,0xC1EF,溜,13
0x7409,0xC1F0,琉,11
0x69B4,0xC1F1,榴,14
0x786B,0xC1F2,硫,12
0x998F,0xC1F3,馏,13
0x7559,0xC1F4,留,10
0x5218,0xC1F5,刘,6
0x7624,0xC1F6,瘤,15
0x6D41,0xC1F7,流,10
0x67F3,0xC1F8,柳,9
0x516D,0xC1F9,六,4
0x9F99,0xC1FA,龙,5
0x804B,0xC1FB,聋,11
0x5499,0xC1FC,咙,8
0x7B3C,0xC1FD,笼,11
0x7ABF,0xC1FE,窿,16
0x9686,0xC2A1,隆,11
0x5784,0xC2A2,垄,8
0x62E2,0xC2A3,拢,8
0x9647,0xC2A4,陇,7
0x697C,0xC2A5,楼,13
0x5A04,0xC2A6,娄,9
0x6402,0xC2A7,搂,12
0x7BD3,0xC2A8,篓,15
0x6F0F,0xC2A9,漏,14
0x964B,0xC2AA,陋,8
0x82A6,0xC2AB,芦,7
0x5362,0xC2AC,卢,5
0x9885,0xC2AD,颅,11
0x5E90,0xC2AE,庐,7
0x7089,0xC2AF,炉,8
0x63B3,0xC2B0,掳,11
0x5364,0xC2B1,卤,7
0x864F,0xC2B2,虏,8
0x9C81,0xC2B3,鲁,12
0x9E93,0xC2B4,麓,19
0x788C,0xC2B5,碌,13
0x9732,0xC2B6,露,21
0x8DEF,0xC2B7,路,13
0x8D42,0xC2B8,赂,10
0x9E7F,0xC2B9,鹿,11
0x6F5E,0xC2BA,潞,16
0x7984,0xC2BB,禄,12
0x5F55,0xC2BC,录,8
0x9646,0xC2BD,陆,7
0x622E,0xC2BE,戮,15
0x9A74,0xC2BF,驴,7
0x5415,0xC2C0,吕,6
0x94DD,0xC2C1,铝,11
0x4FA3,0xC2C2,侣,8
0x65C5,0xC2C3,旅,10
0x5C65,0xC2C4,履,15
0x5C61,0xC2C5,屡,12
0x7F15,0xC2C6,缕,12
0x8651,0xC2C7,虑,10
0x6C2F,0xC2C8,氯,12
0x5F8B,0xC2C9,律,9
0x7387,0xC2CA,率,11
0x6EE4,0xC2CB,滤,13
0x7EFF,0xC2CC,绿,11
0x5CE6,0xC2CD,峦,9
0x631B,0xC2CE,挛,10
0x5B6A,0xC2CF,孪,9
0x6EE6,0xC2D0,滦,13
0x5375,0xC2D1,卵,7
0x4E71,0xC2D2,乱,7
0x63A0,0xC2D3,掠,11
0x7565,0xC2D4,略,11
0x62A1,0xC2D5,抡,7
0x8F6E,0xC2D6,轮,8
0x4F26,0xC2D7,伦,6
0x4ED1,0xC2D8,仑,4
0x6CA6,0xC2D9,沦,7
0x7EB6,0xC2DA,纶,7
0x8BBA,0xC2DB,论,6
0x841D,0xC2DC,萝,11
0x87BA,0xC2DD,螺,17
0x7F57,0xC2DE,罗,8
0x903B,0xC2DF,逻,11
0x9523,0xC2E0,锣,13
0x7BA9,0xC2E1,箩,14
0x9AA1,0xC2E2,骡,14
0x88F8,0xC2E3,裸,13
0x843D,0xC2E4,落,12
0x6D1B,0xC2E5,洛,9
0x9A86,0xC2E6,骆,9
0x7EDC,0xC2E7,络,9
0x5988,0xC2E8,妈,6
0x9EBB,0xC2E9,麻,11
0x739B,0xC2EA,玛,7
0x7801,0xC2EB,码,8
0x8682,0xC2EC,蚂,9
0x9A6C,0xC2ED,马,3
0x9A82,0xC2EE,骂,9
0x561B,0xC2EF,嘛,14
0x5417,0xC2F0,吗,6
0x57CB,0xC2F1,埋,10
0x4E70,0xC2F2,买,6
0x9EA6,0xC2F3,麦,7
0x5356,0xC2F4,卖,8
0x8FC8,0xC2F5,迈,6
0x8109,0xC2F6,脉,9
0x7792,0xC2F7,瞒,15
0x9992,0xC2F8,馒,14
0x86EE,0xC2F9,蛮,12
0x6EE1,0xC2FA,满,13
0x8513,0xC2FB,蔓,14
0x66FC,0xC2FC,曼,11
0x6162,0xC2FD,慢,14
0x6F2B,0xC2FE,漫,14
0x8C29,0xC3A1,谩,13
0x8292,0xC3A2,芒,6
0x832B,0xC3A3,茫,9
0x76F2,0xC3A4,盲,8
0x6C13,0xC3A5,氓,8
0x5FD9,0xC3A6,忙,6
0x83BD,0xC3A7,莽,10
0x732B,0xC3A8,猫,11
0x8305,0xC3A9,茅,8
0x951A,0xC3AA,锚,13
0x6BDB,0xC3AB,毛,4
0x77DB,0xC3AC,矛,5
0x94C6,0xC3AD,铆,10
0x536F,0xC3AE,卯,5
0x8302,0xC3AF,茂,8
0x5192,0xC3B0,冒,9
0x5E3D,0xC3B1,帽,12
0x8C8C,0xC3B2,貌,14
0x8D38,0xC3B3,贸,9
0x4E48,0xC3B4,么,3
0x73AB,0xC3B5,玫,8
0x679A,0xC3B6,枚,8
0x6885,0xC3B7,梅,11
0x9176,0xC3B8,酶,14
0x9709,0xC3B9,霉,15
0x7164,0xC3BA,煤,13
0x6CA1,0xC3BB,没,7
0x7709,0xC3BC,眉,9
0x5A92,0xC3BD,媒,12
0x9541,0xC3BE,镁,14
0x6BCF,0xC3BF,每,7
0x7F8E,0xC3C0,美,9
0x6627,0xC3C1,昧,9
0x5BD0,0xC3C2,寐,12
0x59B9,0xC3C3,妹,8
0x5A9A,0xC3C4,媚,12
0x95E8,0xC3C5,门,3
0x95F7,0xC3C6,闷,7
0x4EEC,0xC3C7,们,5
0x840C,0xC3C8,萌,11
0x8499,0xC3C9,蒙,13
0x6AAC,0xC3CA,檬,17
0x76DF,0xC3CB,盟,13
0x9530,0xC3CC,锰,13
0x731B,0xC3CD,猛,11
0x68A6,0xC3CE,梦,11
0x5B5F,0xC3CF,孟,8
0x772F,0xC3D0,眯,11
0x919A,0xC3D1,醚,15
0x9761,0xC3D2,靡,19
0x7CDC,0xC3D3,糜,17
0x8FF7,0xC3D4,迷,9
0x8C1C,0xC3D5,谜,11
0x5F25,0xC3D6,弥,8
0x7C73,0xC3D7,米,6
0x79D8,0xC3D8,秘,10
0x89C5,0xC3D9,觅,8
0x6CCC,0xC3DA,泌,8
0x871C,0xC3DB,蜜,14
0x5BC6,0xC3DC,密,11
0x5E42,0xC3DD,幂,12
0x68C9,0xC3DE,棉,12
0x7720,0xC3DF,眠,10
0x7EF5,0xC3E0,绵,11
0x5195,0xC3E1,冕,11
0x514D,0xC3E2,免,7
0x52C9,0xC3E3,勉,9
0x5A29,0xC3E4,娩,10
0x7F05,0xC3E5,缅,12
0x9762,0xC3E6,面,9
0x82D7,0xC3E7,苗,8
0x63CF,0xC3E8,描,11
0x7784,0xC3E9,瞄,13
0x85D0,0xC3EA,藐,17
0x79D2,0xC3EB,秒,9
0x6E3A,0xC3EC,渺,12
0x5E99,0xC3ED,庙,8
0x5999,0xC3EE,妙,7
0x8511,0xC3EF,蔑,14
0x706D,0xC3F0,灭,5
0x6C11,0xC3F1,民,5
0x62BF,0xC3F2,抿,8
0x76BF,0xC3F3,皿,5
0x654F,0xC3F4,敏,11
0x60AF,0xC3F5,悯,10
0x95FD,0xC3F6,闽,9
0x660E,0xC3F7,明,8
0x879F,0xC3F8,螟,16
0x9E23,0xC3F9,鸣,8
0x94ED,0xC3FA,铭,11
0x540D,0xC3FB,名,6
0x547D,0xC3FC,命,8
0x8C2C,0xC3FD,谬,13
0x6478,0xC3FE,摸,13
0x6479,0xC4A1,摹,14
0x8611,0xC4A2,蘑,19
0x6A21,0xC4A3,模,14
0x819C,0xC4A4,膜,14
0x78E8,0xC4A5,磨,16
0x6469,0xC4A6,摩,15
0x9B54,0xC4A7,魔,20
0x62B9,0xC4A8,抹,8
0x672B,0xC4A9,末,5
0x83AB,0xC4AA,莫,10
0x58A8,0xC4AB,墨,15
0x9ED8,0xC4AC,默,16
0x6CAB,0xC4AD,沫,8
0x6F20,0xC4AE,漠,13
0x5BDE,0xC4AF,寞,13
0x964C,0xC4B0,陌,8
0x8C0B,0xC4B1,谋,11
0x725F,0xC4B2,牟,6
0x67D0,0xC4B3,某,9
0x62C7,0xC4B4,拇,8
0x7261,0xC4B5,牡,7
0x4EA9,0xC4B6,亩,7
0x59C6,0xC4B7,姆,8
0x6BCD,0xC4B8,母,5
0x5893,0xC4B9,墓,13
0x66AE,0xC4BA,暮,14
0x5E55,0xC4BB,幕,13
0x52DF,0xC4BC,募,12
0x6155,0xC4BD,慕,14
0x6728,0xC4BE,木,4
0x76EE,0xC4BF,目,5
0x7766,0xC4C0,睦,13
0x7267,0xC4C1,牧,8
0x7A46,0xC4C2,穆,16
0x62FF,0xC4C3,拿,10
0x54EA,0xC4C4,哪,9
0x5450,0xC4C5,呐,7
0x94A0,0xC4C6,钠,9
0x90A3,0xC4C7,那,6
0x5A1C,0xC4C8,娜,9
0x7EB3,0xC4C9,纳,7
0x6C16,0xC4CA,氖,6
0x4E43,0xC4CB,乃,2
0x5976,0xC4CC,奶,5
0x8010,0xC4CD,耐,9
0x5948,0xC4CE,奈,8
0x5357,0xC4CF,南,9
0x7537,0xC4D0,男,7
0x96BE,0xC4D1,难,10
0x56CA,0xC4D2,囊,22
0x6320,0xC4D3,挠,9
0x8111,0xC4D4,脑,10
0x607C,0xC4D5,恼,9
0x95F9,0xC4D6,闹,8
0x6DD6,0xC4D7,淖,11
0x5462,0xC4D8,呢,8
0x9981,0xC4D9,馁,10
0x5185,0xC4DA,内,4
0x5AE9,0xC4DB,嫩,14
0x80FD,0xC4DC,能,10
0x59AE,0xC4DD,妮,8
0x9713,0xC4DE,霓,16
0x502A,0xC4DF,倪,10
0x6CE5,0xC4E0,泥,8
0x5C3C,0xC4E1,尼,5
0x62DF,0xC4E2,拟,7
0x4F60,0xC4E3,你,7
0x533F,0xC4E4,匿,10
0x817B,0xC4E5,腻,13
0x9006,0xC4E6,逆,9
0x6EBA,0xC4E7,溺,13
0x852B,0xC4E8,蔫,14
0x62C8,0xC4E9,拈,8
0x5E74,0xC4EA,年,6
0x78BE,0xC4EB,碾,15
0x64B5,0xC4EC,撵,15
0x637B,0xC4ED,捻,11
0x5FF5,0xC4EE,念,8
0x5A18,0xC4EF,娘,10
0x917F,0xC4F0,酿,14
0x9E1F,0xC4F1,鸟,5
0x5C3F,0xC4F2,尿,7
0x634F,0xC4F3,捏,10
0x8042,0xC4F4,聂,10
0x5B7D,0xC4F5,孽,19
0x556E,0xC4F6,啮,11
0x954A,0xC4F7,镊,15
0x954D,0xC4F8,镍,15
0x6D85,0xC4F9,涅,10
0x60A8,0xC4FA,您,11
0x67E0,0xC4FB,柠,9
0x72DE,0xC4FC,狞,8
0x51DD,0xC4FD,凝,16
0x5B81,0xC4FE,宁,5
0x62E7,0xC5A1,拧,8
0x6CDE,0xC5A2,泞,8
0x725B,0xC5A3,牛,4
0x626D,0xC5A4,扭,7
0x94AE,0xC5A5,钮,9
0x7EBD,0xC5A6,纽,7
0x8113,0xC5A7,脓,10
0x6D53,0xC5A8,浓,9
0x519C,0xC5A9,农,6
0x5F04,0xC5AA,弄,7
0x5974,0xC5AB,奴,5
0x52AA,0xC5AC,努,7
0x6012,0xC5AD,怒,9
0x5973,0xC5AE,女,3
0x6696,0xC5AF,暖,13
0x8650,0xC5B0,虐,9
0x759F,0xC5B1,疟,8
0x632A,0xC5B2,挪,9
0x61E6,0xC5B3,懦,17
0x7CEF,0xC5B4,糯,20
0x8BFA,0xC5B5,诺,10
0x54E6,0xC5B6,哦,10
0x6B27,0xC5B7,欧,8
0x9E25,0xC5B8,鸥,9
0x6BB4,0xC5B9,殴,8
0x85D5,0xC5BA,藕,18
0x5455,0xC5BB,呕,7
0x5076,0xC5BC,偶,11
0x6CA4,0xC5BD,沤,7
0x556A,0xC5BE,啪,11
0x8DB4,0xC5BF,趴,9
0x722C,0xC5C0,爬,8
0x5E15,0xC5C1,帕,8
0x6015,0xC5C2,怕,8
0x7436,0xC5C3,琶,12
0x62CD,0xC5C4,拍,8
0x6392,0xC5C5,排,11
0x724C,0xC5C6,牌,12
0x5F98,0xC5C7,徘,11
0x6E43,0xC5C8,湃,12
0x6D3E,0xC5C9,派,9
0x6500,0xC5CA,攀,19
0x6F58,0xC5CB,潘,15
0x76D8,0xC5CC,盘,11
0x78D0,0xC5CD,磐,15
0x76FC,0xC5CE,盼,9
0x7554,0xC5CF,畔,10
0x5224,0xC5D0,判,7
0x53DB,0xC5D1,叛,9
0x4E53,0xC5D2,乓,6
0x5E9E,0xC5D3,庞,8
0x65C1,0xC5D4,旁,10
0x802A,0xC5D5,耪,16
0x80D6,0xC5D6,胖,9
0x629B,0xC5D7,抛,7
0x5486,0xC5D8,咆,8
0x5228,0xC5D9,刨,7
0x70AE,0xC5DA,炮,9
0x888D,0xC5DB,袍,10
0x8DD1,0xC5DC,跑,12
0x6CE1,0xC5DD,泡,8
0x5478,0xC5DE,呸,8
0x80DA,0xC5DF,胚,9
0x57F9,0xC5E0,培,11
0x88F4,0xC5E1,裴,14
0x8D54,0xC5E2,赔,12
0x966A,0xC5E3,陪,10
0x914D,0xC5E4,配,10
0x4F69,0xC5E5,佩,8
0x6C9B,0xC5E6,沛,7
0x55B7,0xC5E7,喷,12
0x76C6,0xC5E8,盆,9
0x7830,0xC5E9,砰,10
0x62A8,0xC5EA,抨,8
0x70F9,0xC5EB,烹,11
0x6F8E,0xC5EC,澎,15
0x5F6D,0xC5ED,彭,12
0x84EC,0xC5EE,蓬,13
0x68DA,0xC5EF,棚,12
0x787C,0xC5F0,硼,13
0x7BF7,0xC5F1,篷,16
0x81A8,0xC5F2,膨,16
0x670B,0xC5F3,朋,8
0x9E4F,0xC5F4,鹏,13
0x6367,0xC5F5,捧,11
0x78B0,0xC5F6,碰,13
0x576F,0xC5F7,坯,8
0x7812,0xC5F8,砒,9
0x9739,0xC5F9,霹,21
0x6279,0xC5FA,批,7
0x62AB,0xC5FB,披,8
0x5288,0xC5FC,劈,15
0x7435,0xC5FD,琵,12
0x6BD7,0xC5FE,毗,9
0x5564,0xC6A1,啤,11
0x813E,0xC6A2,脾,12
0x75B2,0xC6A3,疲,10
0x76AE,0xC6A4,皮,5
0x5339,0xC6A5,匹,4
0x75DE,0xC6A6,痞,12
0x50FB,0xC6A7,僻,15
0x5C41,0xC6A8,屁,7
0x8B6C,0xC6A9,譬,20
0x7BC7,0xC6AA,篇,15
0x504F,0xC6AB,偏,11
0x7247,0xC6AC,片,4
0x9A97,0xC6AD,骗,12
0x98D8,0xC6AE,飘,15
0x6F02,0xC6AF,漂,14
0x74E2,0xC6B0,瓢,16
0x7968,0xC6B1,票,11
0x6487,0xC6B2,撇,14
0x77A5,0xC6B3,瞥,16
0x62FC,0xC6B4,拼,9
0x9891,0xC6B5,频,13
0x8D2B,0xC6B6,贫,8
0x54C1,0xC6B7,品,9
0x8058,0xC6B8,聘,13
0x4E52,0xC6B9,乒,6
0x576A,0xC6BA,坪,8
0x82F9,0xC6BB,苹,8
0x840D,0xC6BC,萍,11
0x5E73,0xC6BD,平,5
0x51ED,0xC6BE,凭,8
0x74F6,0xC6BF,瓶,10
0x8BC4,0xC6C0,评,7
0x5C4F,0xC6C1,屏,9
0x5761,0xC6C2,坡,8
0x6CFC,0xC6C3,泼,8
0x9887,0xC6C4,颇,11
0x5A46,0xC6C5,婆,11
0x7834,0xC6C6,破,10
0x9B44,0xC6C7,魄,14
0x8FEB,0xC6C8,迫,8
0x7C95,0xC6C9,粕,11
0x5256,0xC6CA,剖,10
0x6251,0xC6CB,扑,5
0x94FA,0xC6CC,铺,12
0x4EC6,0xC6CD,仆,4
0x8386,0xC6CE,莆,10
0x8461,0xC6CF,葡,12
0x83E9,0xC6D0,菩,11
0x84B2,0xC6D1,蒲,13
0x57D4,0xC6D2,埔,10
0x6734,0xC6D3,朴,6
0x5703,0xC6D4,圃,10
0x666E,0xC6D5,普,12
0x6D66,0xC6D6,浦,10
0x8C31,0xC6D7,谱,14
0x66DD,0xC6D8,曝,19
0x7011,0xC6D9,瀑,18
0x671F,0xC6DA,期,12
0x6B3A,0xC6DB,欺,12
0x6816,0xC6DC,栖,10
0x621A,0xC6DD,戚,11
0x59BB,0xC6DE,妻,8
0x4E03,0xC6DF,七,2
0x51C4,0xC6E0,凄,10
0x6F06,0xC6E1,漆,14
0x67D2,0xC6E2,柒,9
0x6C8F,0xC6E3,沏,7
0x5176,0xC6E4,其,8
0x68CB,0xC6E5,棋,12
0x5947,0xC6E6,奇,8
0x6B67,0xC6E7,歧,8
0x7566,0xC6E8,畦,11
0x5D0E,0xC6E9,崎,11
0x8110,0xC6EA,脐,10
0x9F50,0xC6EB,齐,6
0x65D7,0xC6EC,旗,14
0x7948,0xC6ED,祈,8
0x7941,0xC6EE,祁,6
0x9A91,0xC6EF,骑,11
0x8D77,0xC6F0,起,10
0x5C82,0xC6F1,岂,6
0x4E5E,0xC6F2,乞,3
0x4F01,0xC6F3,企,6
0x542F,0xC6F4,启,7
0x5951,0xC6F5,契,9
0x780C,0xC6F6,砌,9
0x5668,0xC6F7,器,16
0x6C14,0xC6F8,气,4
0x8FC4,0xC6F9,迄,6
0x5F03,0xC6FA,弃,7
0x6C7D,0xC6FB,汽,7
0x6CE3,0xC6FC,泣,8
0x8BAB,0xC6FD,讫,5
0x6390,0xC6FE,掐,11
0x6070,0xC7A1,恰,9
0x6D3D,0xC7A2,洽,9
0x7275,0xC7A3,牵,9
0x6266,0xC7A4,扦,6
0x948E,0xC7A5,钎,8
0x94C5,0xC7A6,铅,10
0x5343,0xC7A7,千,3
0x8FC1,0xC7A8,迁,6
0x7B7E,0xC7A9,签,13
0x4EDF,0xC7AA,仟,5
0x8C26,0xC7AB,谦,12
0x4E7E,0xC7AC,乾,11
0x9ED4,0xC7AD,黔,16
0x94B1,0xC7AE,钱,10
0x94B3,0xC7AF,钳,10
0x524D,0xC7B0,前,9
0x6F5C,0xC7B1,潜,15
0x9063,0xC7B2,遣,13
0x6D45,0xC7B3,浅,8
0x8C34,0xC7B4,谴,15
0x5811,0xC7B5,堑,11
0x5D4C,0xC7B6,嵌,12
0x6B20,0xC7B7,欠,4
0x6B49,0xC7B8,歉,14
0x67AA,0xC7B9,枪,8
0x545B,0xC7BA,呛,7
0x8154,0xC7BB,腔,12
0x7F8C,0xC7BC,羌,7
0x5899,0xC7BD,墙,14
0x8537,0xC7BE,蔷,14
0x5F3A,0xC7BF,强,12
0x62A2,0xC7C0,抢,7
0x6A47,0xC7C1,橇,16
0x9539,0xC7C2,锹,14
0x6572,0xC7C3,敲,14
0x6084,0xC7C4,悄,10
0x6865,0xC7C5,桥,10
0x77A7,0xC7C6,瞧,17
0x4E54,0xC7C7,乔,6
0x4FA8,0xC7C8,侨,8
0x5DE7,0xC7C9,巧,5
0x9798,0xC7CA,鞘,16
0x64AC,0xC7CB,撬,15
0x7FD8,0xC7CC,翘,12
0x5CED,0xC7CD,峭,10
0x4FCF,0xC7CE,俏,9
0x7A8D,0xC7CF,窍,10
0x5207,0xC7D0,切,4
0x8304,0xC7D1,茄,8
0x4E14,0xC7D2,且,5
0x602F,0xC7D3,怯,8
0x7A83,0xC7D4,窃,9
0x94A6,0xC7D5,钦,9
0x4FB5,0xC7D6,侵,9
0x4EB2,0xC7D7,亲,9
0x79E6,0xC7D8,秦,10
0x7434,0xC7D9,琴,12
0x52E4,0xC7DA,勤,13
0x82B9,0xC7DB,芹,7
0x64D2,0xC7DC,擒,15
0x79BD,0xC7DD,禽,12
0x5BDD,0xC7DE,寝,13
0x6C81,0xC7DF,沁,7
0x9752,0xC7E0,青,8
0x8F7B,0xC7E1,轻,9
0x6C22,0xC7E2,氢,9
0x503E,0xC7E3,倾,10
0x537F,0xC7E4,卿,10
0x6E05,0xC7E5,清,11
0x64CE,0xC7E6,擎,16
0x6674,0xC7E7,晴,12
0x6C30,0xC7E8,氰,12
0x60C5,0xC7E9,情,11
0x9877,0xC7EA,顷,8
0x8BF7,0xC7EB,请,10
0x5E86,0xC7EC,庆,6
0x743C,0xC7ED,琼,12
0x7A77,0xC7EE,穷,7
0x79CB,0xC7EF,秋,9
0x4E18,0xC7F0,丘,5
0x90B1,0xC7F1,邱,7
0x7403,0xC7F2,球,11
0x6C42,0xC7F3,求,7
0x56DA,0xC7F4,囚,5
0x914B,0xC7F5,酋,9
0x6CC5,0xC7F6,泅,8
0x8D8B,0xC7F7,趋,12
0x533A,0xC7F8,区,4
0x86C6,0xC7F9,蛆,11
0x66F2,0xC7FA,曲,6
0x8EAF,0xC7FB,躯,11
0x5C48,0xC7FC,屈,8
0x9A71,0xC7FD,驱,7
0x6E20,0xC7FE,渠,11
0x53D6,0xC8A1,取,8
0x5A36,0xC8A2,娶,11
0x9F8B,0xC8A3,龋,17
0x8DA3,0xC8A4,趣,15
0x53BB,0xC8A5,去,5
0x5708,0xC8A6,圈,11
0x98A7,0xC8A7,颧,23
0x6743,0xC8A8,权,6
0x919B,0xC8A9,醛,16
0x6CC9,0xC8AA,泉,10
0x5168,0xC8AB,全,6
0x75CA,0xC8AC,痊,11
0x62F3,0xC8AD,拳,10
0x72AC,0xC8AE,犬,4
0x5238,0xC8AF,券,8
0x529D,0xC8B0,劝,4
0x7F3A,0xC8B1,缺,10
0x7094,0xC8B2,炔,8
0x7638,0xC8B3,瘸,16
0x5374,0xC8B4,却,7
0x9E4A,0xC8B5,鹊,13
0x69B7,0xC8B6,榷,14
0x786E,0xC8B7,确,12
0x96C0,0xC8B8,雀,11
0x88D9,0xC8B9,裙,12
0x7FA4,0xC8BA,群,13
0x7136,0xC8BB,然,12
0x71C3,0xC8BC,燃,16
0x5189,0xC8BD,冉,5
0x67D3,0xC8BE,染,9
0x74E4,0xC8BF,瓤,22
0x58E4,0xC8C0,壤,20
0x6518,0xC8C1,攘,20
0x56B7,0xC8C2,嚷,20
0x8BA9,0xC8C3,让,5
0x9976,0xC8C4,饶,9
0x6270,0xC8C5,扰,7
0x7ED5,0xC8C6,绕,9
0x60F9,0xC8C7,惹,12
0x70ED,0xC8C8,热,10
0x58EC,0xC8C9,壬,4
0x4EC1,0xC8CA,仁,4
0x4EBA,0xC8CB,人,2
0x5FCD,0xC8CC,忍,7
0x97E7,0xC8CD,韧,7
0x4EFB,0xC8CE,任,6
0x8BA4,0xC8CF,认,4
0x5203,0xC8D0,刃,3
0x598A,0xC8D1,妊,7
0x7EAB,0xC8D2,纫,6
0x6254,0xC8D3,扔,5
0x4ECD,0xC8D4,仍,4
0x65E5,0xC8D5,日,4
0x620E,0xC8D6,戎,6
0x8338,0xC8D7,茸,9
0x84C9,0xC8D8,蓉,13
0x8363,0xC8D9,荣,9
0x878D,0xC8DA,融,16
0x7194,0xC8DB,熔,14
0x6EB6,0xC8DC,溶,13
0x5BB9,0xC8DD,容,10
0x7ED2,0xC8DE,绒,9
0x5197,0xC8DF,冗,4
0x63C9,0xC8E0,揉,12
0x67D4,0xC8E1,柔,9
0x8089,0xC8E2,肉,6
0x8339,0xC8E3,茹,9
0x8815,0xC8E4,蠕,20
0x5112,0xC8E5,儒,16
0x5B7A,0xC8E6,孺,17
0x5982,0xC8E7,如,6
0x8FB1,0xC8E8,辱,10
0x4E73,0xC8E9,乳,8
0x6C5D,0xC8EA,汝,6
0x5165,0xC8EB,入,2
0x8925,0xC8EC,褥,15
0x8F6F,0xC8ED,软,8
0x962E,0xC8EE,阮,6
0x854A,0xC8EF,蕊,15
0x745E,0xC8F0,瑞,13
0x9510,0xC8F1,锐,12
0x95F0,0xC8F2,闰,7
0x6DA6,0xC8F3,润,10
0x82E5,0xC8F4,若,8
0x5F31,0xC8F5,弱,10
0x6492,0xC8F6,撒,15
0x6D12,0xC8F7,洒,9
0x8428,0xC8F8,萨,11
0x816E,0xC8F9,腮,13
0x9CC3,0xC8FA,鳃,17
0x585E,0xC8FB,塞,13
0x8D5B,0xC8FC,赛,14
0x4E09,0xC8FD,三,3
0x53C1,0xC8FE,叁,8
0x4F1E,0xC9A1,伞,6
0x6563,0xC9A2,散,12
0x6851,0xC9A3,桑,10
0x55D3,0xC9A4,嗓,13
0x4E27,0xC9A5,丧,8
0x6414,0xC9A6,搔,12
0x9A9A,0xC9A7,骚,12
0x626B,0xC9A8,扫,6
0x5AC2,0xC9A9,嫂,12
0x745F,0xC9AA,瑟,13
0x8272,0xC9AB,色,6
0x6DA9,0xC9AC,涩,10
0x68EE,0xC9AD,森,12
0x50E7,0xC9AE,僧,14
0x838E,0xC9AF,莎,10
0x7802,0xC9B0,砂,9
0x6740,0xC9B1,杀,6
0x5239,0xC9B2,刹,8
0x6C99,0xC9B3,沙,7
0x7EB1,0xC9B4,纱,7
0x50BB,0xC9B5,傻,13
0x5565,0xC9B6,啥,11
0x715E,0xC9B7,煞,13
0x7B5B,0xC9B8,筛,12
0x6652,0xC9B9,晒,10
0x73CA,0xC9BA,珊,9
0x82EB,0xC9BB,苫,8
0x6749,0xC9BC,杉,7
0x5C71,0xC9BD,山,3
0x5220,0xC9BE,删,7
0x717D,0xC9BF,煽,14
0x886B,0xC9C0,衫,8
0x95EA,0xC9C1,闪,5
0x9655,0xC9C2,陕,8
0x64C5,0xC9C3,擅,16
0x8D61,0xC9C4,赡,17
0x81B3,0xC9C5,膳,16
0x5584,0xC9C6,善,12
0x6C55,0xC9C7,汕,6
0x6247,0xC9C8,扇,10
0x7F2E,0xC9C9,缮,15
0x5892,0xC9CA,墒,14
0x4F24,0xC9CB,伤,6
0x5546,0xC9CC,商,11
0x8D4F,0xC9CD,赏,12
0x664C,0xC9CE,晌,10
0x4E0A,0xC9CF,上,3
0x5C1A,0xC9D0,尚,8
0x88F3,0xC9D1,裳,14
0x68A2,0xC9D2,梢,11
0x634E,0xC9D3,捎,10
0x7A0D,0xC9D4,稍,12
0x70E7,0xC9D5,烧,10
0x828D,0xC9D6,芍,6
0x52FA,0xC9D7,勺,3
0x97F6,0xC9D8,韶,14
0x5C11,0xC9D9,少,4
0x54E8,0xC9DA,哨,10
0x90B5,0xC9DB,邵,7
0x7ECD,0xC9DC,绍,8
0x5962,0xC9DD,奢,11
0x8D4A,0xC9DE,赊,11
0x86C7,0xC9DF,蛇,11
0x820C,0xC9E0,舌,6
0x820D,0xC9E1,舍,8
0x8D66,0xC9E2,赦,11
0x6444,0xC9E3,摄,13
0x5C04,0xC9E4,射,10
0x6151,0xC9E5,慑,13
0x6D89,0xC9E6,涉,10
0x793E,0xC9E7,社,7
0x8BBE,0xC9E8,设,6
0x7837,0xC9E9,砷,10
0x7533,0xC9EA,申,5
0x547B,0xC9EB,呻,8
0x4F38,0xC9EC,伸,7
0x8EAB,0xC9ED,身,7
0x6DF1,0xC9EE,深,11
0x5A20,0xC9EF,娠,10
0x7EC5,0xC9F0,绅,8
0x795E,0xC9F1,神,9
0x6C88,0xC9F2,沈,7
0x5BA1,0xC9F3,审,8
0x5A76,0xC9F4,婶,11
0x751A,0xC9F5,甚,9
0x80BE,0xC9F6,肾,8
0x614E,0xC9F7,慎,13
0x6E17,0xC9F8,渗,11
0x58F0,0xC9F9,声,7
0x751F,0xC9FA,生,5
0x7525,0xC9FB,甥,12
0x7272,0xC9FC,牲,9
0x5347,0xC9FD,升,4
0x7EF3,0xC9FE,绳,11
0x7701,0xCAA1,省,9
0x76DB,0xCAA2,盛,11
0x5269,0xCAA3,剩,12
0x80DC,0xCAA4,胜,9
0x5723,0xCAA5,圣,5
0x5E08,0xCAA6,师,6
0x5931,0xCAA7,失,5
0x72EE,0xCAA8,狮,9
0x65BD,0xCAA9,施,9
0x6E7F,0xCAAA,湿,12
0x8BD7,0xCAAB,诗,8
0x5C38,0xCAAC,尸,3
0x8671,0xCAAD,虱,8
0x5341,0xCAAE,十,2
0x77F3,0xCAAF,石,5
0x62FE,0xCAB0,拾,9
0x65F6,0xCAB1,时,7
0x4EC0,0xCAB2,什,4
0x98DF,0xCAB3,食,9
0x8680,0xCAB4,蚀,9
0x5B9E,0xCAB5,实,8
0x8BC6,0xCAB6,识,7
0x53F2,0xCAB7,史,5
0x77E2,0xCAB8,矢,5
0x4F7F,0xCAB9,使,8
0x5C4E,0xCABA,屎,9
0x9A76,0xCABB,驶,8
0x59CB,0xCABC,始,8
0x5F0F,0xCABD,式,6
0x793A,0xCABE,示,5
0x58EB,0xCABF,士,3
0x4E16,0xCAC0,世,5
0x67FF,0xCAC1,柿,9
0x4E8B,0xCAC2,事,8
0x62ED,0xCAC3,拭,9
0x8A93,0xCAC4,誓,14
0x901D,0xCAC5,逝,10
0x52BF,0xCAC6,势,8
0x662F,0xCAC7,是,9
0x55DC,0xCAC8,嗜,13
0x566C,0xCAC9,噬,16
0x9002,0xCACA,适,9
0x4ED5,0xCACB,仕,5
0x4F8D,0xCACC,侍,8
0x91CA,0xCACD,释,12
0x9970,0xCACE,饰,8
0x6C0F,0xCACF,氏,4
0x5E02,0xCAD0,市,5
0x6043,0xCAD1,恃,9
0x5BA4,0xCAD2,室,9
0x89C6,0xCAD3,视,8
0x8BD5,0xCAD4,试,8
0x6536,0xCAD5,收,6
0x624B,0xCAD6,手,4
0x9996,0xCAD7,首,9
0x5B88,0xCAD8,守,6
0x5BFF,0xCAD9,寿,7
0x6388,0xCADA,授,11
0x552E,0xCADB,售,11
0x53D7,0xCADC,受,8
0x7626,0xCADD,瘦,14
0x517D,0xCADE,兽,11
0x852C,0xCADF,蔬,15
0x67A2,0xCAE0,枢,8
0x68B3,0xCAE1,梳,11
0x6B8A,0xCAE2,殊,10
0x6292,0xCAE3,抒,7
0x8F93,0xCAE4,输,13
0x53D4,0xCAE5,叔,8
0x8212,0xCAE6,舒,12
0x6DD1,0xCAE7,淑,11
0x758F,0xCAE8,疏,12
0x4E66,0xCAE9,书,4
0x8D4E,0xCAEA,赎,12
0x5B70,0xCAEB,孰,11
0x719F,0xCAEC,熟,15
0x85AF,0xCAED,薯,16
0x6691,0xCAEE,暑,12
0x66D9,0xCAEF,曙,17
0x7F72,0xCAF0,署,13
0x8700,0xCAF1,蜀,13
0x9ECD,0xCAF2,黍,12
0x9F20,0xCAF3,鼠,13
0x5C5E,0xCAF4,属,12
0x672F,0xCAF5,术,5
0x8FF0,0xCAF6,述,8
0x6811,0xCAF7,树,9
0x675F,0xCAF8,束,7
0x620D,0xCAF9,戍,6
0x7AD6,0xCAFA,竖,9
0x5885,0xCAFB,墅,14
0x5EB6,0xCAFC,庶,11
0x6570,0xCAFD,数,13
0x6F31,0xCAFE,漱,14
0x6055,0xCBA1,恕,10
0x5237,0xCBA2,刷,8
0x800D,0xCBA3,耍,9
0x6454,0xCBA4,摔,14
0x8870,0xCBA5,衰,10
0x7529,0xCBA6,甩,5
0x5E05,0xCBA7,帅,5
0x6813,0xCBA8,栓,10
0x62F4,0xCBA9,拴,9
0x971C,0xCBAA,霜,17
0x53CC,0xCBAB,双,4
0x723D,0xCBAC,爽,11
0x8C01,0xCBAD,谁,10
0x6C34,0xCBAE,水,4
0x7761,0xCBAF,睡,13
0x7A0E,0xCBB0,税,12
0x542E,0xCBB1,吮,7
0x77AC,0xCBB2,瞬,17
0x987A,0xCBB3,顺,9
0x821C,0xCBB4,舜,12
0x8BF4,0xCBB5,说,9
0x7855,0xCBB6,硕,11
0x6714,0xCBB7,朔,10
0x70C1,0xCBB8,烁,9
0x65AF,0xCBB9,斯,12
0x6495,0xCBBA,撕,15
0x5636,0xCBBB,嘶,15
0x601D,0xCBBC,思,9
0x79C1,0xCBBD,私,7
0x53F8,0xCBBE,司,5
0x4E1D,0xCBBF,丝,5
0x6B7B,0xCBC0,死,6
0x8086,0xCBC1,肆,13
0x5BFA,0xCBC2,寺,6
0x55E3,0xCBC3,嗣,13
0x56DB,0xCBC4,四,5
0x4F3A,0xCBC5,伺,7
0x4F3C,0xCBC6,似,6
0x9972,0xCBC7,饲,8
0x5DF3,0xCBC8,巳,3
0x677E,0xCBC9,松,8
0x8038,0xCBCA,耸,10
0x6002,0xCBCB,怂,8
0x9882,0xCBCC,颂,10
0x9001,0xCBCD,送,9
0x5B8B,0xCBCE,宋,7
0x8BBC,0xCBCF,讼,6
0x8BF5,0xCBD0,诵,9
0x641C,0xCBD1,搜,12
0x8258,0xCBD2,艘,15
0x64DE,0xCBD3,擞,16
0x55FD,0xCBD4,嗽,14
0x82CF,0xCBD5,苏,7
0x9165,0xCBD6,酥,12
0x4FD7,0xCBD7,俗,9
0x7D20,0xCBD8,素,10
0x901F,0xCBD9,速,10
0x7C9F,0xCBDA,粟,12
0x50F3,0xCBDB,僳,14
0x5851,0xCBDC,塑,13
0x6EAF,0xCBDD,溯,13
0x5BBF,0xCBDE,宿,11
0x8BC9,0xCBDF,诉,7
0x8083,0xCBE0,肃,8
0x9178,0xCBE1,酸,14
0x849C,0xCBE2,蒜,13
0x7B97,0xCBE3,算,14
0x867D,0xCBE4,虽,9
0x968B,0xCBE5,隋,11
0x968F,0xCBE6,随,11
0x7EE5,0xCBE7,绥,10
0x9AD3,0xCBE8,髓,21
0x788E,0xCBE9,碎,13
0x5C81,0xCBEA,岁,6
0x7A57,0xCBEB,穗,17
0x9042,0xCBEC,遂,12
0x96A7,0xCBED,隧,14
0x795F,0xCBEE,祟,10
0x5B59,0xCBEF,孙,6
0x635F,0xCBF0,损,10
0x7B0B,0xCBF1,笋,10
0x84D1,0xCBF2,蓑,13
0x68AD,0xCBF3,梭,11
0x5506,0xCBF4,唆,10
0x7F29,0xCBF5,缩,14
0x7410,0xCBF6,琐,11
0x7D22,0xCBF7,索,10
0x9501,0xCBF8,锁,12
0x6240,0xCBF9,所,8
0x584C,0xCBFA,塌,13
0x4ED6,0xCBFB,他,5
0x5B83,0xCBFC,它,5
0x5979,0xCBFD,她,6
0x5854,0xCBFE,塔,12
0x736D,0xCCA1,獭,16
0x631E,0xCCA2,挞,9
0x8E4B,0xCCA3,蹋,17
0x8E0F,0xCCA4,踏,15
0x80CE,0xCCA5,胎,9
0x82D4,0xCCA6,苔,8
0x62AC,0xCCA7,抬,8
0x53F0,0xCCA8,台,5
0x6CF0,0xCCA9,泰,10
0x915E,0xCCAA,酞,11
0x592A,0xCCAB,太,4
0x6001,0xCCAC,态,8
0x6C70,0xCCAD,汰,7
0x574D,0xCCAE,坍,7
0x644A,0xCCAF,摊,13
0x8D2A,0xCCB0,贪,8
0x762B,0xCCB1,瘫,15
0x6EE9,0xCCB2,滩,13
0x575B,0xCCB3,坛,7
0x6A80,0xCCB4,檀,17
0x75F0,0xCCB5,痰,13
0x6F6D,0xCCB6,潭,15
0x8C2D,0xCCB7,谭,14
0x8C08,0xCCB8,谈,10
0x5766,0xCCB9,坦,8
0x6BEF,0xCCBA,毯,12
0x8892,0xCCBB,袒,10
0x78B3,0xCCBC,碳,14
0x63A2,0xCCBD,探,11
0x53F9,0xCCBE,叹,5
0x70AD,0xCCBF,炭,9
0x6C64,0xCCC0,汤,6
0x5858,0xCCC1,塘,13
0x642A,0xCCC2,搪,13
0x5802,0xCCC3,堂,11
0x68E0,0xCCC4,棠,12
0x819B,0xCCC5,膛,15
0x5510,0xCCC6,唐,10
0x7CD6,0xCCC7,糖,16
0x5018,0xCCC8,倘,10
0x8EBA,0xCCC9,躺,15
0x6DCC,0xCCCA,淌,11
0x8D9F,0xCCCB,趟,15
0x70EB,0xCCCC,烫,10
0x638F,0xCCCD,掏,11
0x6D9B,0xCCCE,涛,10
0x6ED4,0xCCCF,滔,13
0x7EE6,0xCCD0,绦,10
0x8404,0xCCD1,萄,11
0x6843,0xCCD2,桃,10
0x9003,0xCCD3,逃,9
0x6DD8,0xCCD4,淘,11
0x9676,0xCCD5,陶,10
0x8BA8,0xCCD6,讨,5
0x5957,0xCCD7,套,10
0x7279,0xCCD8,特,10
0x85E4,0xCCD9,藤,18
0x817E,0xCCDA,腾,13
0x75BC,0xCCDB,疼,10
0x8A8A,0xCCDC,誊,13
0x68AF,0xCCDD,梯,11
0x5254,0xCCDE,剔,10
0x8E22,0xCCDF,踢,15
0x9511,0xCCE0,锑,12
0x63D0,0xCCE1,提,12
0x9898,0xCCE2,题,15
0x8E44,0xCCE3,蹄,16
0x557C,0xCCE4,啼,12
0x4F53,0xCCE5,体,7
0x66FF,0xCCE6,替 ,12
0x568F,0xCCE7,嚏,17
0x60D5,0xCCE8,惕,11
0x6D95,0xCCE9,涕,10
0x5243,0xCCEA,剃,9
0x5C49,0xCCEB,屉,8
0x5929,0xCCEC,天,4
0x6DFB,0xCCED,添,11
0x586B,0xCCEE,填,13
0x7530,0xCCEF,田,5
0x751C,0xCCF0,甜,11
0x606C,0xCCF1,恬,9
0x8214,0xCCF2,舔,14
0x8146,0xCCF3,腆,12
0x6311,0xCCF4,挑,9
0x6761,0xCCF5,条,7
0x8FE2,0xCCF6,迢,8
0x773A,0xCCF7,眺,11
0x8DF3,0xCCF8,跳,13
0x8D34,0xCCF9,贴,9
0x94C1,0xCCFA,铁,10
0x5E16,0xCCFB,帖,8
0x5385,0xCCFC,厅,4
0x542C,0xCCFD,听,7
0x70C3,0xCCFE,烃,9
0x6C40,0xCDA1,汀,5
0x5EF7,0xCDA2,廷,6
0x505C,0xCDA3,停,11
0x4EAD,0xCDA4,亭,9
0x5EAD,0xCDA5,庭,9
0x633A,0xCDA6,挺,9
0x8247,0xCDA7,艇,12
0x901A,0xCDA8,通,10
0x6850,0xCDA9,桐,10
0x916E,0xCDAA,酮,13
0x77B3,0xCDAB,瞳,17
0x540C,0xCDAC,同,6
0x94DC,0xCDAD,铜,11
0x5F64,0xCDAE,彤,7
0x7AE5,0xCDAF,童,12
0x6876,0xCDB0,桶,11
0x6345,0xCDB1,捅,10
0x7B52,0xCDB2,筒,12
0x7EDF,0xCDB3,统,9
0x75DB,0xCDB4,痛,12
0x5077,0xCDB5,偷,11
0x6295,0xCDB6,投,7
0x5934,0xCDB7,头,5
0x900F,0xCDB8,透,10
0x51F8,0xCDB9,凸,5
0x79C3,0xCDBA,秃,7
0x7A81,0xCDBB,突,9
0x56FE,0xCDBC,图,8
0x5F92,0xCDBD,徒,10
0x9014,0xCDBE,途,10
0x6D82,0xCDBF,涂,10
0x5C60,0xCDC0,屠,11
0x571F,0xCDC1,土,3
0x5410,0xCDC2,吐,6
0x5154,0xCDC3,兔,8
0x6E4D,0xCDC4,湍,12
0x56E2,0xCDC5,团,6
0x63A8,0xCDC6,推,11
0x9893,0xCDC7,颓,13
0x817F,0xCDC8,腿,13
0x8715,0xCDC9,蜕,13
0x892A,0xCDCA,褪,14
0x9000,0xCDCB,退,9
0x541E,0xCDCC,吞,7
0x5C6F,0xCDCD,屯,4
0x81C0,0xCDCE,臀,17
0x62D6,0xCDCF,拖,8
0x6258,0xCDD0,托,6
0x8131,0xCDD1,脱,11
0x9E35,0xCDD2,鸵,10
0x9640,0xCDD3,陀,7
0x9A6E,0xCDD4,驮,6
0x9A7C,0xCDD5,驼,8
0x692D,0xCDD6,椭,12
0x59A5,0xCDD7,妥,7
0x62D3,0xCDD8,拓,8
0x553E,0xCDD9,唾,12
0x6316,0xCDDA,挖,9
0x54C7,0xCDDB,哇,9
0x86D9,0xCDDC,蛙,12
0x6D3C,0xCDDD,洼,9
0x5A03,0xCDDE,娃,9
0x74E6,0xCDDF,瓦,4
0x889C,0xCDE0,袜,10
0x6B6A,0xCDE1,歪,9
0x5916,0xCDE2,外,5
0x8C4C,0xCDE3,豌,15
0x5F2F,0xCDE4,弯,9
0x6E7E,0xCDE5,湾,12
0x73A9,0xCDE6,玩,8
0x987D,0xCDE7,顽,10
0x4E38,0xCDE8,丸,3
0x70F7,0xCDE9,烷,11
0x5B8C,0xCDEA,完,7
0x7897,0xCDEB,碗,13
0x633D,0xCDEC,挽,10
0x665A,0xCDED,晚,11
0x7696,0xCDEE,皖,12
0x60CB,0xCDEF,惋,11
0x5B9B,0xCDF0,宛,8
0x5A49,0xCDF1,婉,11
0x4E07,0xCDF2,万,3
0x8155,0xCDF3,腕,12
0x6C6A,0xCDF4,汪,7
0x738B,0xCDF5,王,4
0x4EA1,0xCDF6,亡,3
0x6789,0xCDF7,枉,8
0x7F51,0xCDF8,网,6
0x5F80,0xCDF9,往,8
0x65FA,0xCDFA,旺,8
0x671B,0xCDFB,望,11
0x5FD8,0xCDFC,忘,7
0x5984,0xCDFD,妄,6
0x5A01,0xCDFE,威,9
0x5DCD,0xCEA1,巍,20
0x5FAE,0xCEA2,微,13
0x5371,0xCEA3,危,6
0x97E6,0xCEA4,韦,4
0x8FDD,0xCEA5,违,7
0x6845,0xCEA6,桅,10
0x56F4,0xCEA7,围,7
0x552F,0xCEA8,唯,11
0x60DF,0xCEA9,惟,11
0x4E3A,0xCEAA,为,4
0x6F4D,0xCEAB,潍,14
0x7EF4,0xCEAC,维,11
0x82C7,0xCEAD,苇,7
0x840E,0xCEAE,萎,11
0x59D4,0xCEAF,委,8
0x4F1F,0xCEB0,伟,6
0x4F2A,0xCEB1,伪,6
0x5C3E,0xCEB2,尾,7
0x7EAC,0xCEB3,纬,7
0x672A,0xCEB4,未,5
0x851A,0xCEB5,蔚,14
0x5473,0xCEB6,味,8
0x754F,0xCEB7,畏,9
0x80C3,0xCEB8,胃,9
0x5582,0xCEB9,喂,12
0x9B4F,0xCEBA,魏,17
0x4F4D,0xCEBB,位,7
0x6E2D,0xCEBC,渭,12
0x8C13,0xCEBD,谓,11
0x5C09,0xCEBE,尉,11
0x6170,0xCEBF,慰,15
0x536B,0xCEC0,卫,3
0x761F,0xCEC1,瘟,14
0x6E29,0xCEC2,温,12
0x868A,0xCEC3,蚊,10
0x6587,0xCEC4,文,4
0x95FB,0xCEC5,闻,9
0x7EB9,0xCEC6,纹,7
0x543B,0xCEC7,吻,7
0x7A33,0xCEC8,稳,14
0x7D0A,0xCEC9,紊,10
0x95EE,0xCECA,问,6
0x55E1,0xCECB,嗡,13
0x7FC1,0xCECC,翁,10
0x74EE,0xCECD,瓮,8
0x631D,0xCECE,挝,9
0x8717,0xCECF,蜗,13
0x6DA1,0xCED0,涡,10
0x7A9D,0xCED1,窝,12
0x6211,0xCED2,我,7
0x65A1,0xCED3,斡,14
0x5367,0xCED4,卧,8
0x63E1,0xCED5,握,12
0x6C83,0xCED6,沃,7
0x5DEB,0xCED7,巫,7
0x545C,0xCED8,呜,7
0x94A8,0xCED9,钨,9
0x4E4C,0xCEDA,乌,4
0x6C61,0xCEDB,污,6
0x8BEC,0xCEDC,诬,9
0x5C4B,0xCEDD,屋,9
0x65E0,0xCEDE,无,4
0x829C,0xCEDF,芜,7
0x68A7,0xCEE0,梧,11
0x543E,0xCEE1,吾,7
0x5434,0xCEE2,吴,7
0x6BCB,0xCEE3,毋,4
0x6B66,0xCEE4,武,8
0x4E94,0xCEE5,五,4
0x6342,0xCEE6,捂,10
0x5348,0xCEE7,午,4
0x821E,0xCEE8,舞,14
0x4F0D,0xCEE9,伍,6
0x4FAE,0xCEEA,侮,9
0x575E,0xCEEB,坞,7
0x620A,0xCEEC,戊,5
0x96FE,0xCEED,雾,13
0x6664,0xCEEE,晤,11
0x7269,0xCEEF,物,8
0x52FF,0xCEF0,勿,4
0x52A1,0xCEF1,务,5
0x609F,0xCEF2,悟,10
0x8BEF,0xCEF3,误,9
0x6614,0xCEF4,昔,8
0x7199,0xCEF5,熙,14
0x6790,0xCEF6,析,8
0x897F,0xCEF7,西,6
0x7852,0xCEF8,硒,11
0x77FD,0xCEF9,矽,8
0x6670,0xCEFA,晰,12
0x563B,0xCEFB,嘻,15
0x5438,0xCEFC,吸,6
0x9521,0xCEFD,锡,13
0x727A,0xCEFE,牺,10
0x7A00,0xCFA1,稀,12
0x606F,0xCFA2,息,10
0x5E0C,0xCFA3,希,7
0x6089,0xCFA4,悉,11
0x819D,0xCFA5,膝,15
0x5915,0xCFA6,夕,3
0x60DC,0xCFA7,惜,11
0x7184,0xCFA8,熄,14
0x70EF,0xCFA9,烯,11
0x6EAA,0xCFAA,溪,13
0x6C50,0xCFAB,汐,6
0x7280,0xCFAC,犀,12
0x6A84,0xCFAD,檄,17
0x88AD,0xCFAE,袭,11
0x5E2D,0xCFAF,席,10
0x4E60,0xCFB0,习,3
0x5AB3,0xCFB1,媳,13
0x559C,0xCFB2,喜,12
0x94E3,0xCFB3,铣,11
0x6D17,0xCFB4,洗,9
0x7CFB,0xCFB5,系,7
0x9699,0xCFB6,隙,12
0x620F,0xCFB7,戏,6
0x7EC6,0xCFB8,细,8
0x778E,0xCFB9,瞎,15
0x867E,0xCFBA,虾,9
0x5323,0xCFBB,匣,7
0x971E,0xCFBC,霞,17
0x8F96,0xCFBD,辖,14
0x6687,0xCFBE,暇,13
0x5CE1,0xCFBF,峡,9
0x4FA0,0xCFC0,侠,8
0x72ED,0xCFC1,狭,9
0x4E0B,0xCFC2,下,3
0x53A6,0xCFC3,厦,12
0x590F,0xCFC4,夏,10
0x5413,0xCFC5,吓,6
0x6380,0xCFC6,掀,11
0x9528,0xCFC7,锨,13
0x5148,0xCFC8,先,6
0x4ED9,0xCFC9,仙,5
0x9C9C,0xCFCA,鲜,14
0x7EA4,0xCFCB,纤,6
0x54B8,0xCFCC,咸,9
0x8D24,0xCFCD,贤,8
0x8854,0xCFCE,衔,11
0x8237,0xCFCF,舷,11
0x95F2,0xCFD0,闲,7
0x6D8E,0xCFD1,涎,9
0x5F26,0xCFD2,弦,8
0x5ACC,0xCFD3,嫌,13
0x663E,0xCFD4,显,9
0x9669,0xCFD5,险,9
0x73B0,0xCFD6,现,8
0x732E,0xCFD7,献,13
0x53BF,0xCFD8,县,7
0x817A,0xCFD9,腺,13
0x9985,0xCFDA,馅,11
0x7FA1,0xCFDB,羡,12
0x5BAA,0xCFDC,宪,9
0x9677,0xCFDD,陷,10
0x9650,0xCFDE,限,8
0x7EBF,0xCFDF,线,8
0x76F8,0xCFE0,相,9
0x53A2,0xCFE1,厢,11
0x9576,0xCFE2,镶,22
0x9999,0xCFE3,香,9
0x7BB1,0xCFE4,箱,15
0x8944,0xCFE5,襄,17
0x6E58,0xCFE6,湘,12
0x4E61,0xCFE7,乡,3
0x7FD4,0xCFE8,翔,12
0x7965,0xCFE9,祥,10
0x8BE6,0xCFEA,详,8
0x60F3,0xCFEB,想,13
0x54CD,0xCFEC,响,9
0x4EAB,0xCFED,享,8
0x9879,0xCFEE,项,9
0x5DF7,0xCFEF,巷,9
0x6A61,0xCFF0,橡,15
0x50CF,0xCFF1,像,13
0x5411,0xCFF2,向,6
0x8C61,0xCFF3,象,11
0x8427,0xCFF4,萧,11
0x785D,0xCFF5,硝,12
0x9704,0xCFF6,霄,15
0x524A,0xCFF7,削,9
0x54EE,0xCFF8,哮,10
0x56A3,0xCFF9,嚣,18
0x9500,0xCFFA,销,12
0x6D88,0xCFFB,消,10
0x5BB5,0xCFFC,宵,10
0x6DC6,0xCFFD,淆,11
0x6653,0xCFFE,晓,10
0x5C0F,0xD0A1,小,3
0x5B5D,0xD0A2,孝,7
0x6821,0xD0A3,校,10
0x8096,0xD0A4,肖,7
0x5578,0xD0A5,啸,11
0x7B11,0xD0A6,笑,10
0x6548,0xD0A7,效,10
0x6954,0xD0A8,楔,13
0x4E9B,0xD0A9,些,8
0x6B47,0xD0AA,歇,13
0x874E,0xD0AB,蝎,15
0x978B,0xD0AC,鞋,15
0x534F,0xD0AD,协,6
0x631F,0xD0AE,挟,9
0x643A,0xD0AF,携,13
0x90AA,0xD0B0,邪,6
0x659C,0xD0B1,斜,11
0x80C1,0xD0B2,胁,8
0x8C10,0xD0B3,谐,11
0x5199,0xD0B4,写,5
0x68B0,0xD0B5,械,11
0x5378,0xD0B6,卸,9
0x87F9,0xD0B7,蟹,19
0x61C8,0xD0B8,懈,16
0x6CC4,0xD0B9,泄,8
0x6CFB,0xD0BA,泻,8
0x8C22,0xD0BB,谢,12
0x5C51,0xD0BC,屑,10
0x85AA,0xD0BD,薪,16
0x82AF,0xD0BE,芯,7
0x950C,0xD0BF,锌,12
0x6B23,0xD0C0,欣,8
0x8F9B,0xD0C1,辛,7
0x65B0,0xD0C2,新,13
0x5FFB,0xD0C3,忻,7
0x5FC3,0xD0C4,心,4
0x4FE1,0xD0C5,信,9
0x8845,0xD0C6,衅,11
0x661F,0xD0C7,星,9
0x8165,0xD0C8,腥,13
0x7329,0xD0C9,猩,12
0x60FA,0xD0CA,惺,12
0x5174,0xD0CB,兴,6
0x5211,0xD0CC,刑,6
0x578B,0xD0CD,型,9
0x5F62,0xD0CE,形,7
0x90A2,0xD0CF,邢,6
0x884C,0xD0D0,行,6
0x9192,0xD0D1,醒,16
0x5E78,0xD0D2,幸,8
0x674F,0xD0D3,杏,7
0x6027,0xD0D4,性,8
0x59D3,0xD0D5,姓,8
0x5144,0xD0D6,兄,5
0x51F6,0xD0D7,凶,4
0x80F8,0xD0D8,胸,10
0x5308,0xD0D9,匈,6
0x6C79,0xD0DA,汹,7
0x96C4,0xD0DB,雄,12
0x718A,0xD0DC,熊,14
0x4F11,0xD0DD,休,6
0x4FEE,0xD0DE,修,9
0x7F9E,0xD0DF,羞,10
0x673D,0xD0E0,朽,6
0x55C5,0xD0E1,嗅,13
0x9508,0xD0E2,锈,12
0x79C0,0xD0E3,秀,7
0x8896,0xD0E4,袖,10
0x7EE3,0xD0E5,绣,10
0x589F,0xD0E6,墟,14
0x620C,0xD0E7,戌,6
0x9700,0xD0E8,需,14
0x865A,0xD0E9,虚,11
0x5618,0xD0EA,嘘,14
0x987B,0xD0EB,须,9
0x5F90,0xD0EC,徐,10
0x8BB8,0xD0ED,许,6
0x84C4,0xD0EE,蓄,13
0x9157,0xD0EF,酗,11
0x53D9,0xD0F0,叙,9
0x65ED,0xD0F1,旭,6
0x5E8F,0xD0F2,序,7
0x755C,0xD0F3,畜,10
0x6064,0xD0F4,恤,9
0x7D6E,0xD0F5,絮,12
0x5A7F,0xD0F6,婿,12
0x7EEA,0xD0F7,绪,11
0x7EED,0xD0F8,续,11
0x8F69,0xD0F9,轩,7
0x55A7,0xD0FA,喧,12
0x5BA3,0xD0FB,宣,9
0x60AC,0xD0FC,悬,11
0x65CB,0xD0FD,旋,11
0x7384,0xD0FE,玄,5
0x9009,0xD1A1,选,9
0x7663,0xD1A2,癣,19
0x7729,0xD1A3,眩,10
0x7EDA,0xD1A4,绚,9
0x9774,0xD1A5,靴,13
0x859B,0xD1A6,薛,16
0x5B66,0xD1A7,学,8
0x7A74,0xD1A8,穴,5
0x96EA,0xD1A9,雪,11
0x8840,0xD1AA,血,6
0x52CB,0xD1AB,勋,9
0x718F,0xD1AC,熏,14
0x5FAA,0xD1AD,循,12
0x65EC,0xD1AE,旬,6
0x8BE2,0xD1AF,询,8
0x5BFB,0xD1B0,寻,6
0x9A6F,0xD1B1,驯,6
0x5DE1,0xD1B2,巡,6
0x6B89,0xD1B3,殉,10
0x6C5B,0xD1B4,汛,6
0x8BAD,0xD1B5,训,5
0x8BAF,0xD1B6,讯,5
0x900A,0xD1B7,逊,9
0x8FC5,0xD1B8,迅,6
0x538B,0xD1B9,压,6
0x62BC,0xD1BA,押,8
0x9E26,0xD1BB,鸦,9
0x9E2D,0xD1BC,鸭,10
0x5440,0xD1BD,呀,7
0x4E2B,0xD1BE,丫,3
0x82BD,0xD1BF,芽,7
0x7259,0xD1C0,牙,4
0x869C,0xD1C1,蚜,10
0x5D16,0xD1C2,崖,11
0x8859,0xD1C3,衙,13
0x6DAF,0xD1C4,涯,11
0x96C5,0xD1C5,雅,12
0x54D1,0xD1C6,哑,9
0x4E9A,0xD1C7,亚,6
0x8BB6,0xD1C8,讶,6
0x7109,0xD1C9,焉,11
0x54BD,0xD1CA,咽,9
0x9609,0xD1CB,阉,11
0x70DF,0xD1CC,烟,10
0x6DF9,0xD1CD,淹,11
0x76D0,0xD1CE,盐,10
0x4E25,0xD1CF,严,7
0x7814,0xD1D0,研,9
0x8712,0xD1D1,蜒,12
0x5CA9,0xD1D2,岩,8
0x5EF6,0xD1D3,延,7
0x8A00,0xD1D4,言,7
0x989C,0xD1D5,颜,15
0x960E,0xD1D6,阎,11
0x708E,0xD1D7,炎,8
0x6CBF,0xD1D8,沿,8
0x5944,0xD1D9,奄,8
0x63A9,0xD1DA,掩,11
0x773C,0xD1DB,眼,11
0x884D,0xD1DC,衍,9
0x6F14,0xD1DD,演,14
0x8273,0xD1DE,艳,10
0x5830,0xD1DF,堰,12
0x71D5,0xD1E0,燕,16
0x538C,0xD1E1,厌,6
0x781A,0xD1E2,砚,9
0x96C1,0xD1E3,雁,12
0x5501,0xD1E4,唁,10
0x5F66,0xD1E5,彦,9
0x7130,0xD1E6,焰,12
0x5BB4,0xD1E7,宴,10
0x8C1A,0xD1E8,谚,11
0x9A8C,0xD1E9,验,10
0x6B83,0xD1EA,殃,9
0x592E,0xD1EB,央,5
0x9E2F,0xD1EC,鸯,10
0x79E7,0xD1ED,秧,10
0x6768,0xD1EE,杨,7
0x626C,0xD1EF,扬,6
0x4F6F,0xD1F0,佯,8
0x75A1,0xD1F1,疡,8
0x7F8A,0xD1F2,羊,6
0x6D0B,0xD1F3,洋,9
0x9633,0xD1F4,阳,6
0x6C27,0xD1F5,氧,10
0x4EF0,0xD1F6,仰,6
0x75D2,0xD1F7,痒,11
0x517B,0xD1F8,养,9
0x6837,0xD1F9,样,10
0x6F3E,0xD1FA,漾,14
0x9080,0xD1FB,邀,16
0x8170,0xD1FC,腰,13
0x5996,0xD1FD,妖,7
0x7476,0xD1FE,瑶,14
0x6447,0xD2A1,摇,13
0x5C27,0xD2A2,尧,6
0x9065,0xD2A3,遥,13
0x7A91,0xD2A4,窑,11
0x8C23,0xD2A5,谣,12
0x59DA,0xD2A6,姚,9
0x54AC,0xD2A7,咬,9
0x8200,0xD2A8,舀,10
0x836F,0xD2A9,药,9
0x8981,0xD2AA,要,9
0x8000,0xD2AB,耀,20
0x6930,0xD2AC,椰,12
0x564E,0xD2AD,噎,15
0x8036,0xD2AE,耶,8
0x7237,0xD2AF,爷,6
0x91CE,0xD2B0,野,11
0x51B6,0xD2B1,冶,7
0x4E5F,0xD2B2,也,3
0x9875,0xD2B3,页,6
0x6396,0xD2B4,掖,11
0x4E1A,0xD2B5,业,5
0x53F6,0xD2B6,叶,5
0x66F3,0xD2B7,曳,6
0x814B,0xD2B8,腋,12
0x591C,0xD2B9,夜,8
0x6DB2,0xD2BA,液,11
0x4E00,0xD2BB,一:,1
0x58F9,0xD2BC,壹,12
0x533B,0xD2BD,医,7
0x63D6,0xD2BE,揖,12
0x94F1,0xD2BF,铱,11
0x4F9D,0xD2C0,依,8
0x4F0A,0xD2C1,伊,6
0x8863,0xD2C2,衣,6
0x9890,0xD2C3,颐,13
0x5937,0xD2C4,夷,6
0x9057,0xD2C5,遗,12
0x79FB,0xD2C6,移,11
0x4EEA,0xD2C7,仪,5
0x80F0,0xD2C8,胰,10
0x7591,0xD2C9,疑,14
0x6C82,0xD2CA,沂,7
0x5B9C,0xD2CB,宜,8
0x59E8,0xD2CC,姨,9
0x5F5D,0xD2CD,彝,18
0x6905,0xD2CE,椅,12
0x8681,0xD2CF,蚁,9
0x501A,0xD2D0,倚,10
0x5DF2,0xD2D1,已,3
0x4E59,0xD2D2,乙,1
0x77E3,0xD2D3,矣,7
0x4EE5,0xD2D4,以,4
0x827A,0xD2D5,艺,4
0x6291,0xD2D6,抑,7
0x6613,0xD2D7,易,8
0x9091,0xD2D8,邑,7
0x5C79,0xD2D9,屹,6
0x4EBF,0xD2DA,亿,3
0x5F79,0xD2DB,役,7
0x81C6,0xD2DC,臆,17
0x9038,0xD2DD,逸,11
0x8084,0xD2DE,肄,13
0x75AB,0xD2DF,疫,9
0x4EA6,0xD2E0,亦,6
0x88D4,0xD2E1,裔,13
0x610F,0xD2E2,意,13
0x6BC5,0xD2E3,毅,15
0x5FC6,0xD2E4,忆,4
0x4E49,0xD2E5,义,3
0x76CA,0xD2E6,益,10
0x6EA2,0xD2E7,溢,13
0x8BE3,0xD2E8,诣,8
0x8BAE,0xD2E9,议,5
0x8C0A,0xD2EA,谊,10
0x8BD1,0xD2EB,译,7
0x5F02,0xD2EC,异,6
0x7FFC,0xD2ED,翼,17
0x7FCC,0xD2EE,翌,11
0x7ECE,0xD2EF,绎,8
0x8335,0xD2F0,茵,9
0x836B,0xD2F1,荫,9
0x56E0,0xD2F2,因,6
0x6BB7,0xD2F3,殷,10
0x97F3,0xD2F4,音,9
0x9634,0xD2F5,阴,6
0x59FB,0xD2F6,姻,8
0x541F,0xD2F7,吟,7
0x94F6,0xD2F8,银,11
0x6DEB,0xD2F9,淫,11
0x5BC5,0xD2FA,寅,11
0x996E,0xD2FB,饮,7
0x5C39,0xD2FC,尹,4
0x5F15,0xD2FD,引,4
0x9690,0xD2FE,隐,11
0x5370,0xD3A1,印,5
0x82F1,0xD3A2,英,8
0x6A31,0xD3A3,樱,15
0x5A74,0xD3A4,婴,11
0x9E70,0xD3A5,鹰,18
0x5E94,0xD3A6,应,7
0x7F28,0xD3A7,缨,14
0x83B9,0xD3A8,莹,10
0x8424,0xD3A9,萤,11
0x8425,0xD3AA,营,11
0x8367,0xD3AB,荧,9
0x8747,0xD3AC,蝇,14
0x8FCE,0xD3AD,迎,7
0x8D62,0xD3AE,赢,17
0x76C8,0xD3AF,盈,9
0x5F71,0xD3B0,影,15
0x9896,0xD3B1,颖,13
0x786C,0xD3B2,硬,12
0x6620,0xD3B3,映,9
0x54DF,0xD3B4,哟,9
0x62E5,0xD3B5,拥,8
0x4F63,0xD3B6,佣,7
0x81C3,0xD3B7,臃,17
0x75C8,0xD3B8,痈,10
0x5EB8,0xD3B9,庸,11
0x96CD,0xD3BA,雍,13
0x8E0A,0xD3BB,踊,14
0x86F9,0xD3BC,蛹,13
0x548F,0xD3BD,咏,8
0x6CF3,0xD3BE,泳,8
0x6D8C,0xD3BF,涌,10
0x6C38,0xD3C0,永,5
0x607F,0xD3C1,恿,11
0x52C7,0xD3C2,勇,9
0x7528,0xD3C3,用,5
0x5E7D,0xD3C4,幽,9
0x4F18,0xD3C5,优,6
0x60A0,0xD3C6,悠,11
0x5FE7,0xD3C7,忧,7
0x5C24,0xD3C8,尤,4
0x7531,0xD3C9,由,5
0x90AE,0xD3CA,邮,7
0x94C0,0xD3CB,铀,10
0x72B9,0xD3CC,犹,7
0x6CB9,0xD3CD,油,8
0x6E38,0xD3CE,游,12
0x9149,0xD3CF,酉,7
0x6709,0xD3D0,有,6
0x53CB,0xD3D1,友,4
0x53F3,0xD3D2,右,5
0x4F51,0xD3D3,佑,7
0x91C9,0xD3D4,釉,12
0x8BF1,0xD3D5,诱,9
0x53C8,0xD3D6,又,2
0x5E7C,0xD3D7,幼,5
0x8FC2,0xD3D8,迂,6
0x6DE4,0xD3D9,淤,11
0x4E8E,0xD3DA,于,3
0x76C2,0xD3DB,盂,8
0x6986,0xD3DC,榆,13
0x865E,0xD3DD,虞,13
0x611A,0xD3DE,愚,13
0x8206,0xD3DF,舆,14
0x4F59,0xD3E0,余,7
0x4FDE,0xD3E1,俞,9
0x903E,0xD3E2,逾,12
0x9C7C,0xD3E3,鱼,8
0x6109,0xD3E4,愉,12
0x6E1D,0xD3E5,渝,12
0x6E14,0xD3E6,渔,11
0x9685,0xD3E7,隅,11
0x4E88,0xD3E8,予,4
0x5A31,0xD3E9,娱,10
0x96E8,0xD3EA,雨,8
0x4E0E,0xD3EB,与,3
0x5C7F,0xD3EC,屿,6
0x79B9,0xD3ED,禹,9
0x5B87,0xD3EE,宇,6
0x8BED,0xD3EF,语,9
0x7FBD,0xD3F0,羽,6
0x7389,0xD3F1,玉,5
0x57DF,0xD3F2,域,11
0x828B,0xD3F3,芋,6
0x90C1,0xD3F4,郁,8
0x5401,0xD3F5,吁,6
0x9047,0xD3F6,遇,12
0x55BB,0xD3F7,喻,12
0x5CEA,0xD3F8,峪,10
0x5FA1,0xD3F9,御,12
0x6108,0xD3FA,愈,13
0x6B32,0xD3FB,欲,11
0x72F1,0xD3FC,狱,9
0x80B2,0xD3FD,育,8
0x8A89,0xD3FE,誉,13
0x6D74,0xD4A1,浴,10
0x5BD3,0xD4A2,寓,12
0x88D5,0xD4A3,裕,12
0x9884,0xD4A4,预,10
0x8C6B,0xD4A5,豫,15
0x9A6D,0xD4A6,驭,5
0x9E33,0xD4A7,鸳,10
0x6E0A,0xD4A8,渊,11
0x51A4,0xD4A9,冤,10
0x5143,0xD4AA,元,4
0x57A3,0xD4AB,垣,9
0x8881,0xD4AC,袁,10
0x539F,0xD4AD,原,10
0x63F4,0xD4AE,援,12
0x8F95,0xD4AF,辕,14
0x56ED,0xD4B0,园,7
0x5458,0xD4B1,员,7
0x5706,0xD4B2,圆,10
0x733F,0xD4B3,猿,13
0x6E90,0xD4B4,源,13
0x7F18,0xD4B5,缘,12
0x8FDC,0xD4B6,远,7
0x82D1,0xD4B7,苑,8
0x613F,0xD4B8,愿,14
0x6028,0xD4B9,怨,9
0x9662,0xD4BA,院,9
0x66F0,0xD4BB,曰,4
0x7EA6,0xD4BC,约,6
0x8D8A,0xD4BD,越,12
0x8DC3,0xD4BE,跃,11
0x94A5,0xD4BF,钥,9
0x5CB3,0xD4C0,岳,8
0x7CA4,0xD4C1,粤,12
0x6708,0xD4C2,月,4
0x60A6,0xD4C3,悦,10
0x9605,0xD4C4,阅,10
0x8018,0xD4C5,耘,10
0x4E91,0xD4C6,云,4
0x90E7,0xD4C7,郧,9
0x5300,0xD4C8,匀,4
0x9668,0xD4C9,陨,9
0x5141,0xD4CA,允,4
0x8FD0,0xD4CB,运,7
0x8574,0xD4CC,蕴,15
0x915D,0xD4CD,酝,11
0x6655,0xD4CE,晕,10
0x97F5,0xD4CF,韵,13
0x5B55,0xD4D0,孕,5
0x531D,0xD4D1,匝,5
0x7838,0xD4D2,砸,10
0x6742,0xD4D3,杂,6
0x683D,0xD4D4,栽,10
0x54C9,0xD4D5,哉,9
0x707E,0xD4D6,灾,7
0x5BB0,0xD4D7,宰,10
0x8F7D,0xD4D8,载,10
0x518D,0xD4D9,再,6
0x5728,0xD4DA,在,6
0x54B1,0xD4DB,咱,9
0x6512,0xD4DC,攒,19
0x6682,0xD4DD,暂,12
0x8D5E,0xD4DE,赞,16
0x8D43,0xD4DF,赃,10
0x810F,0xD4E0,脏,10
0x846C,0xD4E1,葬,12
0x906D,0xD4E2,遭,14
0x7CDF,0xD4E3,糟,17
0x51FF,0xD4E4,凿,12
0x85FB,0xD4E5,藻,19
0x67A3,0xD4E6,枣,8
0x65E9,0xD4E7,早,6
0x6FA1,0xD4E8,澡,16
0x86A4,0xD4E9,蚤,9
0x8E81,0xD4EA,躁,20
0x566A,0xD4EB,噪,16
0x9020,0xD4EC,造,10
0x7682,0xD4ED,皂,7
0x7076,0xD4EE,灶,7
0x71E5,0xD4EF,燥,17
0x8D23,0xD4F0,责,8
0x62E9,0xD4F1,择,8
0x5219,0xD4F2,则,6
0x6CFD,0xD4F3,泽,8
0x8D3C,0xD4F4,贼,10
0x600E,0xD4F5,怎,9
0x589E,0xD4F6,增,15
0x618E,0xD4F7,憎,15
0x66FE,0xD4F8,曾,12
0x8D60,0xD4F9,赠,16
0x624E,0xD4FA,扎,4
0x55B3,0xD4FB,喳,12
0x6E23,0xD4FC,渣,12
0x672D,0xD4FD,札,5
0x8F67,0xD4FE,轧,5
0x94E1,0xD5A1,铡,11
0x95F8,0xD5A2,闸,8
0x7728,0xD5A3,眨,9
0x6805,0xD5A4,栅,9
0x69A8,0xD5A5,榨,14
0x548B,0xD5A6,咋,8
0x4E4D,0xD5A7,乍,5
0x70B8,0xD5A8,炸,9
0x8BC8,0xD5A9,诈,7
0x6458,0xD5AA,摘,14
0x658B,0xD5AB,斋,10
0x5B85,0xD5AC,宅,6
0x7A84,0xD5AD,窄,10
0x503A,0xD5AE,债,10
0x5BE8,0xD5AF,寨,14
0x77BB,0xD5B0,瞻,18
0x6BE1,0xD5B1,毡,9
0x8A79,0xD5B2,詹,13
0x7C98,0xD5B3,粘,11
0x6CBE,0xD5B4,沾,8
0x76CF,0xD5B5,盏,10
0x65A9,0xD5B6,斩,8
0x8F97,0xD5B7,辗,14
0x5D2D,0xD5B8,崭,11
0x5C55,0xD5B9,展,10
0x8638,0xD5BA,蘸,22
0x6808,0xD5BB,栈,9
0x5360,0xD5BC,占,5
0x6218,0xD5BD,战,9
0x7AD9,0xD5BE,站,10
0x6E5B,0xD5BF,湛,12
0x7EFD,0xD5C0,绽,11
0x6A1F,0xD5C1,樟,15
0x7AE0,0xD5C2,章,11
0x5F70,0xD5C3,彰,14
0x6F33,0xD5C4,漳,14
0x5F20,0xD5C5,张,7
0x638C,0xD5C6,掌,12
0x6DA8,0xD5C7,涨,10
0x6756,0xD5C8,杖,7
0x4E08,0xD5C9,丈,3
0x5E10,0xD5CA,帐,7
0x8D26,0xD5CB,账,8
0x4ED7,0xD5CC,仗,5
0x80C0,0xD5CD,胀,8
0x7634,0xD5CE,瘴,16
0x969C,0xD5CF,障,13
0x62DB,0xD5D0,招,8
0x662D,0xD5D1,昭,9
0x627E,0xD5D2,找,7
0x6CBC,0xD5D3,沼,8
0x8D75,0xD5D4,赵,9
0x7167,0xD5D5,照,13
0x7F69,0xD5D6,罩,13
0x5146,0xD5D7,兆,6
0x8087,0xD5D8,肇,14
0x53EC,0xD5D9,召,5
0x906E,0xD5DA,遮,14
0x6298,0xD5DB,折,7
0x54F2,0xD5DC,哲,10
0x86F0,0xD5DD,蛰,12
0x8F99,0xD5DE,辙,16
0x8005,0xD5DF,者,8
0x9517,0xD5E0,锗,13
0x8517,0xD5E1,蔗,14
0x8FD9,0xD5E2,这,7
0x6D59,0xD5E3,浙,10
0x73CD,0xD5E4,珍,9
0x659F,0xD5E5,斟,13
0x771F,0xD5E6,真,10
0x7504,0xD5E7,甄,13
0x7827,0xD5E8,砧,10
0x81FB,0xD5E9,臻,16
0x8D1E,0xD5EA,贞,6
0x9488,0xD5EB,针,7
0x4FA6,0xD5EC,侦,8
0x6795,0xD5ED,枕,8
0x75B9,0xD5EE,疹,10
0x8BCA,0xD5EF,诊,7
0x9707,0xD5F0,震,15
0x632F,0xD5F1,振,10
0x9547,0xD5F2,镇,15
0x9635,0xD5F3,阵,6
0x84B8,0xD5F4,蒸,13
0x6323,0xD5F5,挣,9
0x7741,0xD5F6,睁,11
0x5F81,0xD5F7,征,8
0x72F0,0xD5F8,狰,9
0x4E89,0xD5F9,争,6
0x6014,0xD5FA,怔,8
0x6574,0xD5FB,整,16
0x62EF,0xD5FC,拯,9
0x6B63,0xD5FD,正,5
0x653F,0xD5FE,政,9
0x5E27,0xD6A1,帧,9
0x75C7,0xD6A2,症,10
0x90D1,0xD6A3,郑,8
0x8BC1,0xD6A4,证,7
0x829D,0xD6A5,芝,6
0x679D,0xD6A6,枝,8
0x652F,0xD6A7,支,4
0x5431,0xD6A8,吱,7
0x8718,0xD6A9,蜘,14
0x77E5,0xD6AA,知,8
0x80A2,0xD6AB,肢,8
0x8102,0xD6AC,脂,10
0x6C41,0xD6AD,汁,5
0x4E4B,0xD6AE,之,3
0x7EC7,0xD6AF,织,8
0x804C,0xD6B0,职,11
0x76F4,0xD6B1,直,8
0x690D,0xD6B2,植,12
0x6B96,0xD6B3,殖,12
0x6267,0xD6B4,执,6
0x503C,0xD6B5,值,10
0x4F84,0xD6B6,侄,8
0x5740,0xD6B7,址,7
0x6307,0xD6B8,指,9
0x6B62,0xD6B9,止,4
0x8DBE,0xD6BA,趾,11
0x53EA,0xD6BB,只,5
0x65E8,0xD6BC,旨,6
0x7EB8,0xD6BD,纸,7
0x5FD7,0xD6BE,志,7
0x631A,0xD6BF,挚,10
0x63B7,0xD6C0,掷,11
0x81F3,0xD6C1,至,6
0x81F4,0xD6C2,致,10
0x7F6E,0xD6C3,置,13
0x5E1C,0xD6C4,帜,8
0x5CD9,0xD6C5,峙,9
0x5236,0xD6C6,制,8
0x667A,0xD6C7,智,12
0x79E9,0xD6C8,秩,10
0x7A1A,0xD6C9,稚,13
0x8D28,0xD6CA,质,8
0x7099,0xD6CB,炙,8
0x75D4,0xD6CC,痔,11
0x6EDE,0xD6CD,滞,12
0x6CBB,0xD6CE,治,8
0x7A92,0xD6CF,窒,11
0x4E2D,0xD6D0,中,4
0x76C5,0xD6D1,盅,9
0x5FE0,0xD6D2,忠,8
0x949F,0xD6D3,钟,9
0x8877,0xD6D4,衷,10
0x7EC8,0xD6D5,终,8
0x79CD,0xD6D6,种,9
0x80BF,0xD6D7,肿,8
0x91CD,0xD6D8,重,9
0x4EF2,0xD6D9,仲,6
0x4F17,0xD6DA,众,6
0x821F,0xD6DB,舟,6
0x5468,0xD6DC,周,8
0x5DDE,0xD6DD,州,6
0x6D32,0xD6DE,洲,9
0x8BCC,0xD6DF,诌,7
0x7CA5,0xD6E0,粥,12
0x8F74,0xD6E1,轴,9
0x8098,0xD6E2,肘,7
0x5E1A,0xD6E3,帚,8
0x5492,0xD6E4,咒,8
0x76B1,0xD6E5,皱,10
0x5B99,0xD6E6,宙,8
0x663C,0xD6E7,昼,9
0x9AA4,0xD6E8,骤,17
0x73E0,0xD6E9,珠,10
0x682A,0xD6EA,株,10
0x86DB,0xD6EB,蛛,12
0x6731,0xD6EC,朱,6
0x732A,0xD6ED,猪,11
0x8BF8,0xD6EE,诸,10
0x8BDB,0xD6EF,诛,8
0x9010,0xD6F0,逐,10
0x7AF9,0xD6F1,竹,6
0x70DB,0xD6F2,烛,10
0x716E,0xD6F3,煮,12
0x62C4,0xD6F4,拄,8
0x77A9,0xD6F5,瞩,17
0x5631,0xD6F6,嘱,15
0x4E3B,0xD6F7,主,5
0x8457,0xD6F8,著,11
0x67F1,0xD6F9,柱,9
0x52A9,0xD6FA,助,7
0x86C0,0xD6FB,蛀,11
0x8D2E,0xD6FC,贮,8
0x94F8,0xD6FD,铸,12
0x7B51,0xD6FE,筑,12
0x4F4F,0xD7A1,住,7
0x6CE8,0xD7A2,注,8
0x795D,0xD7A3,祝,9
0x9A7B,0xD7A4,驻,8
0x6293,0xD7A5,抓,7
0x722A,0xD7A6,爪,4
0x62FD,0xD7A7,拽,9
0x4E13,0xD7A8,专,4
0x7816,0xD7A9,砖,9
0x8F6C,0xD7AA,转,8
0x64B0,0xD7AB,撰,15
0x8D5A,0xD7AC,赚,14
0x7BC6,0xD7AD,篆,15
0x6869,0xD7AE,桩,10
0x5E84,0xD7AF,庄,6
0x88C5,0xD7B0,装,12
0x5986,0xD7B1,妆,6
0x649E,0xD7B2,撞,15
0x58EE,0xD7B3,壮,6
0x72B6,0xD7B4,状,7
0x690E,0xD7B5,椎,12
0x9525,0xD7B6,锥,13
0x8FFD,0xD7B7,追,9
0x8D58,0xD7B8,赘,14
0x5760,0xD7B9,坠,7
0x7F00,0xD7BA,缀,11
0x8C06,0xD7BB,谆,10
0x51C6,0xD7BC,准,10
0x6349,0xD7BD,捉,10
0x62D9,0xD7BE,拙,8
0x5353,0xD7BF,卓,8
0x684C,0xD7C0,桌,10
0x7422,0xD7C1,琢,12
0x8301,0xD7C2,茁,8
0x914C,0xD7C3,酌,10
0x5544,0xD7C4,啄,11
0x7740,0xD7C5,着,11
0x707C,0xD7C6,灼,7
0x6D4A,0xD7C7,浊,9
0x5179,0xD7C8,兹,9
0x54A8,0xD7C9,咨,9
0x8D44,0xD7CA,资,10
0x59FF,0xD7CB,姿,9
0x6ECB,0xD7CC,滋,12
0x6DC4,0xD7CD,淄,11
0x5B5C,0xD7CE,孜,7
0x7D2B,0xD7CF,紫,12
0x4ED4,0xD7D0,仔,5
0x7C7D,0xD7D1,籽,9
0x6ED3,0xD7D2,滓,13
0x5B50,0xD7D3,子,3
0x81EA,0xD7D4,自,6
0x6E0D,0xD7D5,渍,11
0x5B57,0xD7D6,字,6
0x9B03,0xD7D7,鬃,18
0x68D5,0xD7D8,棕,12
0x8E2A,0xD7D9,踪,15
0x5B97,0xD7DA,宗,8
0x7EFC,0xD7DB,综,11
0x603B,0xD7DC,总,9
0x7EB5,0xD7DD,纵,7
0x90B9,0xD7DE,邹,7
0x8D70,0xD7DF,走,7
0x594F,0xD7E0,奏,9
0x63CD,0xD7E1,揍,12
0x79DF,0xD7E2,租,10
0x8DB3,0xD7E3,足,7
0x5352,0xD7E4,卒,8
0x65CF,0xD7E5,族,11
0x7956,0xD7E6,祖,9
0x8BC5,0xD7E7,诅,7
0x963B,0xD7E8,阻,7
0x7EC4,0xD7E9,组,8
0x94BB,0xD7EA,钻,10
0x7E82,0xD7EB,纂,20
0x5634,0xD7EC,嘴,16
0x9189,0xD7ED,醉,15
0x6700,0xD7EE,最,12
0x7F6A,0xD7EF,罪,13
0x5C0A,0xD7F0,尊,12
0x9075,0xD7F1,遵,15
0x6628,0xD7F2,昨,9
0x5DE6,0xD7F3,左,5
0x4F50,0xD7F4,佐,7
0x67DE,0xD7F5,柞,9
0x505A,0xD7F6,做,11
0x4F5C,0xD7F7,作,7
0x5750,0xD7F8,坐,7
0x5EA7,0xD7F9,座,10
